frame_id,filename,sequence_order
frame_001,ZED-X_SN45626933_٢٠٢٦-٠٩-٢١_١٤-٥٦-٤٧_٢٠٢٦-٠٩-٢١_١٥-٢٣-١٣.png,1
frame_002,ZED-X_SN45626933_٢٠٢٦-٠٩-٢١_١٤-٥٦-٤٧_٢٠٢٦-٠٩-٢١_١٥-٢٣-١٤.png,2
frame_003,ZED-X_SN45626933_٢٠٢٦-٠٩-٢١_١٤-٥٦-٤٧_٢٠٢٦-٠٩-٢١_١٥-٢٣-١٦.png,3
frame_004,ZED-X_SN45626933_٢٠٢٦-٠٩-٢١_١٤-٥٦-٤٧_٢٠٢٦-٠٩-٢١_١٥-٢٣-١٨.png,4
frame_005,ZED-X_SN45626933_٢٠٢٦-٠٩-٢١_١٤-٥٦-٤٧_٢٠٢٦-٠٩-٢١_١٥-٢٣-٢٢.png,5
frame_006,ZED-X_SN45626933_٢٠٢٦-٠٩-٢١_١٤-٥٦-٤٧_٢٠٢٦-٠٩-٢١_١٥-٢٣-٢٤.png,6
frame_007,ZED-X_SN45626933_٢٠٢٦-٠٩-٢١_١٤-٥٦-٤٧_٢٠٢٦-٠٩-٢١_١٥-٢٣-٢٦.png,7
frame_008,ZED-X_SN45626933_٢٠٢٦-٠٩-٢١_١٤-٥٨-١٤_٢٠٢٦-٠٩-٢١_١٥-٢٤-٠٥.png,8
frame_009,ZED-X_SN45626933_٢٠٢٦-٠٩-٢١_١٤-٥٨-١٤_٢٠٢٦-٠٩-٢١_١٥-٢٤-٠٧.png,9
frame_010,ZED-X_SN45626933_٢٠٢٦-٠٩-٢١_١٤-٥٨-١٤_٢٠٢٦-٠٩-٢١_١٥-٢٤-١٤.png,10
frame_011,ZED-X_SN45626933_٢٠٢٦-٠٩-٢١_١٤-٥٨-١٤_٢٠٢٦-٠٩-٢١_١٥-٢٤-١٦.png,11
frame_012,ZED-X_SN45626933_٢٠٢٦-٠٩-٢١_١٤-٥٨-١٤_٢٠٢٦-٠٩-٢١_١٥-٢٤-١٧.png,12
frame_013,ZED-X_SN45626933_٢٠٢٦-٠٩-٢١_١٤-٥٨-١٤_٢٠٢٦-٠٩-٢١_١٥-٢٤-٢٠.png,13
frame_014,ZED-X_SN45626933_٢٠٢٦-٠٩-٢١_١٤-٥٨-١٤_٢٠٢٦-٠٩-٢١_١٥-٢٤-٢٢.png,14
frame_015,ZED-X_SN45626933_٢٠٢٦-٠٩-٢١_١٤-٥٨-١٤_٢٠٢٦-٠٩-٢١_١٥-٢٤-٢٤.png,15
frame_016,ZED-X_SN45626933_٢٠٢٦-٠٩-٢١_١٤-٥٨-١٤_٢٠٢٦-٠٩-٢١_١٥-٢٤-٢٥.png,16
frame_017,ZED-X_SN45626933_٢٠٢٦-٠٩-٢١_١٤-٥٨-١٤_٢٠٢٦-٠٩-٢١_١٥-٢٤-٢٧.png,17
frame_018,ZED-X_SN45626933_٢٠٢٦-٠٩-٢١_١٤-٥٨-١٤_٢٠٢٦-٠٩-٢١_١٥-٢٤-٣١.png,18
frame_019,ZED-X_SN45626933_٢٠٢٦-٠٩-٢١_١٤-٥٨-١٤_٢٠٢٦-٠٩-٢١_١٥-٢٤-٣٣.png,19
frame_020,ZED-X_SN45626933_٢٠٢٦-٠٩-٢١_١٤-٥٨-١٤_٢٠٢٦-٠٩-٢١_١٥-٢٤-٤٣.png,20
frame_021,ZED-X_SN45626933_٢٠٢٦-٠٩-٢١_١٤-٥٨-١٤_٢٠٢٦-٠٩-٢١_١٥-٢٤-٤٦.png,21
frame_022,ZED-X_SN45626933_٢٠٢٦-٠٩-٢١_١٤-٥٨-١٤_٢٠٢٦-٠٩-٢١_١٥-٢٤-٤٨.png,22
frame_023,ZED-X_SN45626933_٢٠٢٦-٠٩-٢١_١٤-٥٩-٤٨_٢٠٢٦-٠٩-٢١_١٥-٢٥-٢٤.png,23
frame_024,ZED-X_SN45626933_٢٠٢٦-٠٩-٢١_١٤-٥٩-٤٨_٢٠٢٦-٠٩-٢١_١٥-٢٥-٢٧.png,24
frame_025,ZED-X_SN45626933_٢٠٢٦-٠٩-٢١_١٤-٥٩-٤٨_٢٠٢٦-٠٩-٢١_١٥-٢٥-٣٢.png,25
frame_026,ZED-X_SN45626933_٢٠٢٦-٠٩-٢١_١٤-٥٩-٤٨_٢٠٢٦-٠٩-٢١_١٥-٢٥-٣٤.png,26
frame_027,ZED-X_SN45626933_٢٠٢٦-٠٩-٢١_١٤-٥٩-٤٨_٢٠٢٦-٠٩-٢١_١٥-٢٥-٣٥.png,27
frame_028,ZED-X_SN45626933_٢٠٢٦-٠٩-٢١_١٤-٥٩-٤٨_٢٠٢٦-٠٩-٢١_١٥-٢٥-٣٧.png,28
frame_029,ZED-X_SN45626933_٢٠٢٦-٠٩-٢١_١٤-٥٩-٤٨_٢٠٢٦-٠٩-٢١_١٥-٢٥-٣٩.png,29
frame_030,ZED-X_SN45626933_٢٠٢٦-٠٩-٢١_١٤-٥٩-٤٨_٢٠٢٦-٠٩-٢١_١٥-٢٥-٤٤.png,30
frame_031,ZED-X_SN45626933_٢٠٢٦-٠٩-٢١_١٤-٥٩-٤٨_٢٠٢٦-٠٩-٢١_١٥-٢٥-٤٥.png,31
frame_032,ZED-X_SN45626933_٢٠٢٦-٠٩-٢١_١٤-٥٩-٤٨_٢٠٢٦-٠٩-٢١_١٥-٢٥-٤٧.png,32
frame_033,ZED-X_SN45626933_٢٠٢٦-٠٩-٢١_١٥-٠١-١١_٢٠٢٦-٠٩-٢١_١٥-١٩-٤٠.png,33
frame_034,ZED-X_SN45626933_٢٠٢٦-٠٩-٢١_١٥-٠١-١١_٢٠٢٦-٠٩-٢١_١٥-١٩-٤٢.png,34
frame_035,ZED-X_SN45626933_٢٠٢٦-٠٩-٢١_١٥-٠١-١١_٢٠٢٦-٠٩-٢١_١٥-١٩-٤٣.png,35
frame_036,ZED-X_SN45626933_٢٠٢٦-٠٩-٢١_١٥-٠١-١١_٢٠٢٦-٠٩-٢١_١٥-١٩-٤٤.png,36
frame_037,ZED-X_SN45626933_٢٠٢٦-٠٩-٢١_١٥-٠١-١١_٢٠٢٦-٠٩-٢١_١٥-١٩-٤٥.png,37
frame_038,ZED-X_SN45626933_٢٠٢٦-٠٩-٢١_١٥-٠١-١١_٢٠٢٦-٠٩-٢١_١٥-١٩-٤٨.png,38
frame_039,ZED-X_SN45626933_٢٠٢٦-٠٩-٢١_١٥-٠١-١١_٢٠٢٦-٠٩-٢١_١٥-١٩-٥١.png,39
frame_040,ZED-X_SN45626933_٢٠٢٦-٠٩-٢١_١٥-٠١-١١_٢٠٢٦-٠٩-٢١_١٥-١٩-٥٣.png,40
frame_041,ZED-X_SN45626933_٢٠٢٦-٠٩-٢١_١٥-٠١-١١_٢٠٢٦-٠٩-٢١_١٥-١٩-٥٤.png,41
frame_042,ZED-X_SN45626933_٢٠٢٦-٠٩-٢١_١٥-٠١-١١_٢٠٢٦-٠٩-٢١_١٥-١٩-٥٥.png,42
frame_043,ZED-X_SN45626933_٢٠٢٦-٠٩-٢١_١٥-٠١-١١_٢٠٢٦-٠٩-٢١_١٥-١٩-٥٦.png,43
frame_044,ZED-X_SN45626933_٢٠٢٦-٠٩-٢١_١٥-٠١-١١_٢٠٢٦-٠٩-٢١_١٥-١٩-٥٧.png,44
frame_045,ZED-X_SN45626933_٢٠٢٦-٠٩-٢١_١٥-٠١-١١_٢٠٢٦-٠٩-٢١_١٥-١٩-٥٨.png,45
frame_046,ZED-X_SN45626933_٢٠٢٦-٠٩-٢١_١٥-٠١-١١_٢٠٢٦-٠٩-٢١_١٥-١٩-٥٩.png,46
frame_047,ZED-X_SN45626933_٢٠٢٦-٠٩-٢١_١٥-٠١-١١_٢٠٢٦-٠٩-٢١_١٥-٢٠-٠١.png,47
frame_048,ZED-X_SN45626933_٢٠٢٦-٠٩-٢١_١٥-٠١-١١_٢٠٢٦-٠٩-٢١_١٥-٢٠-٠٢.png,48
frame_049,ZED-X_SN45626933_٢٠٢٦-٠٩-٢١_١٥-٠١-١١_٢٠٢٦-٠٩-٢١_١٥-٢٠-٠٤.png,49
frame_050,ZED-X_SN45626933_٢٠٢٦-٠٩-٢١_١٥-٠١-١١_٢٠٢٦-٠٩-٢١_١٥-٢٠-٠٥.png,50
frame_051,ZED-X_SN45626933_٢٠٢٦-٠٩-٢١_١٥-٠١-١١_٢٠٢٦-٠٩-٢١_١٥-٢٠-٠٦.png,51
frame_052,ZED-X_SN45626933_٢٠٢٦-٠٩-٢١_١٥-٠١-١١_٢٠٢٦-٠٩-٢١_١٥-٢٠-٠٧.png,52
frame_053,ZED-X_SN45626933_٢٠٢٦-٠٩-٢١_١٥-٠١-١١_٢٠٢٦-٠٩-٢١_١٥-٢٠-٠٨.png,53
frame_054,ZED-X_SN45626933_٢٠٢٦-٠٩-٢١_١٥-٠١-١١_٢٠٢٦-٠٩-٢١_١٥-٢٠-٠٩.png,54
frame_055,ZED-X_SN45626933_٢٠٢٦-٠٩-٢١_١٥-٠١-١١_٢٠٢٦-٠٩-٢١_١٥-٢٠-١١.png,55
frame_056,ZED-X_SN45626933_٢٠٢٦-٠٩-٢١_١٥-٠٥-٥٧_٢٠٢٦-٠٩-٢١_١٥-٢١-٤١.png,56
frame_057,ZED-X_SN45626933_٢٠٢٦-٠٩-٢١_١٥-٠٥-٥٧_٢٠٢٦-٠٩-٢١_١٥-٢١-٤٤.png,57
frame_058,ZED-X_SN45626933_٢٠٢٦-٠٩-٢١_١٥-٠٥-٥٧_٢٠٢٦-٠٩-٢١_١٥-٢١-٤٥.png,58
frame_059,ZED-X_SN45626933_٢٠٢٦-٠٩-٢١_١٥-٠٥-٥٧_٢٠٢٦-٠٩-٢١_١٥-٢١-٤٦.png,59
frame_060,ZED-X_SN45626933_٢٠٢٦-٠٩-٢١_١٥-٠٥-٥٧_٢٠٢٦-٠٩-٢١_١٥-٢١-٤٨.png,60
frame_061,ZED-X_SN45626933_٢٠٢٦-٠٩-٢١_١٥-٠٥-٥٧_٢٠٢٦-٠٩-٢١_١٥-٢١-٤٩.png,61
frame_062,ZED-X_SN45626933_٢٠٢٦-٠٩-٢١_١٥-٠٥-٥٧_٢٠٢٦-٠٩-٢١_١٥-٢١-٥٠.png,62
frame_063,ZED-X_SN45626933_٢٠٢٦-٠٩-٢١_١٥-٠٥-٥٧_٢٠٢٦-٠٩-٢١_١٥-٢١-٥١.png,63
frame_064,ZED-X_SN45626933_٢٠٢٦-٠٩-٢١_١٥-٠٥-٥٧_٢٠٢٦-٠٩-٢١_١٥-٢١-٥٣.png,64
frame_065,ZED-X_SN45626933_٢٠٢٦-٠٩-٢١_١٥-٠٥-٥٧_٢٠٢٦-٠٩-٢١_١٥-٢١-٥٥.png,65
frame_066,ZED-X_SN45626933_٢٠٢٦-٠٩-٢١_١٥-٠٥-٥٧_٢٠٢٦-٠٩-٢١_١٥-٢١-٥٧.png,66
frame_067,ZED-X_SN45626933_٢٠٢٦-٠٩-٢١_١٥-٠٥-٥٧_٢٠٢٦-٠٩-٢١_١٥-٢١-٥٨.png,67
frame_068,ZED-X_SN45626933_٢٠٢٦-٠٩-٢١_١٥-٠٥-٥٧_٢٠٢٦-٠٩-٢١_١٥-٢٢-٠٢.png,68
frame_069,ZED-X_SN45626933_٢٠٢٦-٠٩-٢١_١٥-٠٥-٥٧_٢٠٢٦-٠٩-٢١_١٥-٢٢-٠٤.png,69
frame_070,ZED-X_SN45626933_٢٠٢٦-٠٩-٢١_١٥-٠٥-٥٧_٢٠٢٦-٠٩-٢١_١٥-٢٢-٠٧.png,70
frame_071,ZED-X_SN45626933_٢٠٢٦-٠٩-٢١_١٥-٠٥-٥٧_٢٠٢٦-٠٩-٢١_١٥-٢٢-٠٩.png,71
frame_072,ZED-X_SN45626933_٢٠٢٦-٠٩-٢١_١٥-٠٥-٥٧_٢٠٢٦-٠٩-٢١_١٥-٢٢-١١.png,72
frame_073,ZED-X_SN45626933_٢٠٢٦-٠٩-٢١_١٥-٠٥-٥٧_٢٠٢٦-٠٩-٢١_١٥-٢٢-١٤.png,73
frame_074,ZED-X_SN45626933_٢٠٢٦-٠٩-٢١_١٥-٠٥-٥٧_٢٠٢٦-٠٩-٢١_١٥-٢٢-١٥.png,74
frame_075,ZED-X_SN45626933_٢٠٢٦-٠٩-٢١_١٥-٠٥-٥٧_٢٠٢٦-٠٩-٢١_١٥-٢٢-١٩.png,75
frame_076,ZED-X_SN45626933_٢٠٢٦-٠٩-٢١_١٥-٠٥-٥٧_٢٠٢٦-٠٩-٢١_١٥-٢٢-٢٠.png,76
frame_077,ZED-X_SN45626933_٢٠٢٦-٠٩-٢١_١٥-٠٥-٥٧_٢٠٢٦-٠٩-٢١_١٥-٢٢-٢٢.png,77
frame_078,ZED-X_SN45626933_٢٠٢٦-٠٩-٢١_١٥-٠٥-٥٧_٢٠٢٦-٠٩-٢١_١٥-٢٢-٢٥.png,78
frame_079,ZED-X_SN45626933_٢٠٢٦-٠٩-٢١_١٥-٠٥-٥٧_٢٠٢٦-٠٩-٢١_١٥-٢٢-٢٧.png,79
frame_080,ZED-X_SN45626933_٢٠٢٦-٠٩-٢١_١٥-٠٥-٥٧_٢٠٢٦-٠٩-٢١_١٥-٢٢-٣٠.png,80
frame_081,ZED-X_SN45626933_٢٠٢٦-٠٩-٢١_١٥-٠٥-٥٧_٢٠٢٦-٠٩-٢١_١٥-٢٢-٣١.png,81
frame_082,ZED-X_SN45626933_٢٠٢٦-٠٩-٢١_١٥-٠٥-٥٧_٢٠٢٦-٠٩-٢١_١٥-٢٢-٣٥.png,82
frame_083,ZED-X_SN45626933_٢٠٢٦-٠٩-٢١_١٥-١٠-٣٥_٢٠٢٦-٠٩-٢١_١٥-٢٠-٥٤.png,83
frame_084,ZED-X_SN45626933_٢٠٢٦-٠٩-٢١_١٥-١٠-٣٥_٢٠٢٦-٠٩-٢١_١٥-٢٠-٥٧.png,84
frame_085,ZED-X_SN45626933_٢٠٢٦-٠٩-٢١_١٥-١٠-٣٥_٢٠٢٦-٠٩-٢١_١٥-٢٠-٥٩.png,85
frame_086,ZED-X_SN45626933_٢٠٢٦-٠٩-٢١_١٥-١٠-٣٥_٢٠٢٦-٠٩-٢١_١٥-٢١-٠١.png,86
frame_087,ZED-X_SN45626933_٢٠٢٦-٠٩-٢١_١٥-١٠-٣٥_٢٠٢٦-٠٩-٢١_١٥-٢١-٠٢.png,87
frame_088,ZED-X_SN45626933_٢٠٢٦-٠٩-٢١_١٥-١٠-٣٥_٢٠٢٦-٠٩-٢١_١٥-٢١-٠٦.png,88
frame_089,ZED-X_SN45626933_٢٠٢٦-٠٩-٢١_١٥-١٠-٣٥_٢٠٢٦-٠٩-٢١_١٥-٢١-٠٨.png,89
frame_090,ZED-X_SN45626933_٢٠٢٦-٠٩-٢١_١٥-١٠-٣٥_٢٠٢٦-٠٩-٢١_١٥-٢١-١٠.png,90
frame_091,ZED-X_SN45626933_٢٠٢٦-٠٩-٢١_١٥-١٠-٣٥_٢٠٢٦-٠٩-٢١_١٥-٢١-١٢.png,91
frame_092,ZED-X_SN45626933_٢٠٢٦-٠٩-٢١_١٥-١٠-٣٥_٢٠٢٦-٠٩-٢١_١٥-٢١-١٦.png,92
frame_093,ZED-X_SN45626933_٢٠٢٦-٠٩-٢١_١٥-١٠-٣٥_٢٠٢٦-٠٩-٢١_١٥-٢١-١٩.png,93