frame_id,sequence_order,benchmark_image,mapping_status,candidate_1_recording,candidate_1_seconds,candidate_1_mae,candidate_2_recording,candidate_2_seconds,candidate_2_mae,candidate_3_recording,candidate_3_seconds,candidate_3_mae,verified_recording,verified_seconds,verification_notes
frame_001,1,ZED-X_SN45626933_٢٠٢٦-٠٩-٢١_١٤-٥٦-٤٧_٢٠٢٦-٠٩-٢١_١٥-٢٣-١٣.png,UNVERIFIED,recording_01,2.0,4.559,recording_08,13.0,29.417,recording_07,27.0,31.164,,,
frame_002,2,ZED-X_SN45626933_٢٠٢٦-٠٩-٢١_١٤-٥٦-٤٧_٢٠٢٦-٠٩-٢١_١٥-٢٣-١٤.png,UNVERIFIED,recording_01,3.0,10.705,recording_07,27.0,30.861,recording_08,14.0,31.581,,,
frame_003,3,ZED-X_SN45626933_٢٠٢٦-٠٩-٢١_١٤-٥٦-٤٧_٢٠٢٦-٠٩-٢١_١٥-٢٣-١٦.png,UNVERIFIED,recording_01,6.0,3.619,recording_07,30.0,37.597,recording_08,15.0,39.392,,,
frame_004,4,ZED-X_SN45626933_٢٠٢٦-٠٩-٢١_١٤-٥٦-٤٧_٢٠٢٦-٠٩-٢١_١٥-٢٣-١٨.png,UNVERIFIED,recording_01,7.0,20.405,recording_07,26.0,38.786,recording_08,13.0,41.186,,,
frame_005,5,ZED-X_SN45626933_٢٠٢٦-٠٩-٢١_١٤-٥٦-٤٧_٢٠٢٦-٠٩-٢١_١٥-٢٣-٢٢.png,UNVERIFIED,recording_01,12.0,41.198,recording_03,17.0,52.03,recording_05,5.0,54.26,,,
frame_006,6,ZED-X_SN45626933_٢٠٢٦-٠٩-٢١_١٤-٥٦-٤٧_٢٠٢٦-٠٩-٢١_١٥-٢٣-٢٤.png,UNVERIFIED,recording_01,14.0,7.156,recording_03,6.0,56.727,recording_07,21.0,60.547,,,
frame_007,7,ZED-X_SN45626933_٢٠٢٦-٠٩-٢١_١٤-٥٦-٤٧_٢٠٢٦-٠٩-٢١_١٥-٢٣-٢٦.png,UNVERIFIED,recording_01,16.0,12.612,recording_03,6.0,56.132,recording_07,21.0,60.06,,,
frame_008,8,ZED-X_SN45626933_٢٠٢٦-٠٩-٢١_١٤-٥٨-١٤_٢٠٢٦-٠٩-٢١_١٥-٢٤-٠٥.png,UNVERIFIED,recording_02,2.0,18.541,recording_01,10.0,47.945,recording_07,57.0,53.118,,,
frame_009,9,ZED-X_SN45626933_٢٠٢٦-٠٩-٢١_١٤-٥٨-١٤_٢٠٢٦-٠٩-٢١_١٥-٢٤-٠٧.png,UNVERIFIED,recording_02,2.0,18.541,recording_01,10.0,47.945,recording_07,57.0,53.118,,,
frame_010,10,ZED-X_SN45626933_٢٠٢٦-٠٩-٢١_١٤-٥٨-١٤_٢٠٢٦-٠٩-٢١_١٥-٢٤-١٤.png,UNVERIFIED,recording_02,4.0,24.42,recording_01,10.0,51.915,recording_07,58.0,53.046,,,
frame_011,11,ZED-X_SN45626933_٢٠٢٦-٠٩-٢١_١٤-٥٨-١٤_٢٠٢٦-٠٩-٢١_١٥-٢٤-١٦.png,UNVERIFIED,recording_02,6.0,22.448,recording_01,12.0,52.849,recording_07,59.0,53.675,,,
frame_012,12,ZED-X_SN45626933_٢٠٢٦-٠٩-٢١_١٤-٥٨-١٤_٢٠٢٦-٠٩-٢١_١٥-٢٤-١٧.png,UNVERIFIED,recording_02,7.0,3.307,recording_03,13.0,53.465,recording_01,12.0,53.977,,,
frame_013,13,ZED-X_SN45626933_٢٠٢٦-٠٩-٢١_١٤-٥٨-١٤_٢٠٢٦-٠٩-٢١_١٥-٢٤-٢٠.png,UNVERIFIED,recording_02,9.0,18.775,recording_04,0.0,48.3,recording_07,32.0,48.358,,,
frame_014,14,ZED-X_SN45626933_٢٠٢٦-٠٩-٢١_١٤-٥٨-١٤_٢٠٢٦-٠٩-٢١_١٥-٢٤-٢٢.png,UNVERIFIED,recording_02,12.0,24.516,recording_08,22.0,34.967,recording_07,33.0,36.95,,,
frame_015,15,ZED-X_SN45626933_٢٠٢٦-٠٩-٢١_١٤-٥٨-١٤_٢٠٢٦-٠٩-٢١_١٥-٢٤-٢٤.png,UNVERIFIED,recording_02,14.0,13.077,recording_04,7.0,33.136,recording_05,8.0,36.611,,,
frame_016,16,ZED-X_SN45626933_٢٠٢٦-٠٩-٢١_١٤-٥٨-١٤_٢٠٢٦-٠٩-٢١_١٥-٢٤-٢٥.png,UNVERIFIED,recording_02,14.0,18.441,recording_05,8.0,35.335,recording_04,7.0,37.503,,,
frame_017,17,ZED-X_SN45626933_٢٠٢٦-٠٩-٢١_١٤-٥٨-١٤_٢٠٢٦-٠٩-٢١_١٥-٢٤-٢٧.png,UNVERIFIED,recording_02,16.0,4.805,recording_08,23.0,36.248,recording_07,34.0,38.355,,,
frame_018,18,ZED-X_SN45626933_٢٠٢٦-٠٩-٢١_١٤-٥٨-١٤_٢٠٢٦-٠٩-٢١_١٥-٢٤-٣١.png,UNVERIFIED,recording_02,21.0,20.828,recording_06,0.0,50.001,recording_03,3.0,51.14,,,
frame_019,19,ZED-X_SN45626933_٢٠٢٦-٠٩-٢١_١٤-٥٨-١٤_٢٠٢٦-٠٩-٢١_١٥-٢٤-٣٣.png,UNVERIFIED,recording_02,23.0,3.108,recording_03,0.0,3.167,recording_01,13.0,48.858,,,
frame_020,20,ZED-X_SN45626933_٢٠٢٦-٠٩-٢١_١٤-٥٨-١٤_٢٠٢٦-٠٩-٢١_١٥-٢٤-٤٣.png,UNVERIFIED,recording_02,9.0,9.045,recording_04,0.0,50.62,recording_07,32.0,50.758,,,
frame_021,21,ZED-X_SN45626933_٢٠٢٦-٠٩-٢١_١٤-٥٨-١٤_٢٠٢٦-٠٩-٢١_١٥-٢٤-٤٦.png,UNVERIFIED,recording_02,12.0,33.376,recording_04,12.0,39.402,recording_01,0.0,39.599,,,
frame_022,22,ZED-X_SN45626933_٢٠٢٦-٠٩-٢١_١٤-٥٨-١٤_٢٠٢٦-٠٩-٢١_١٥-٢٤-٤٨.png,UNVERIFIED,recording_02,14.0,20.98,recording_05,8.0,35.17,recording_04,8.0,35.958,,,
frame_023,23,ZED-X_SN45626933_٢٠٢٦-٠٩-٢١_١٤-٥٩-٤٨_٢٠٢٦-٠٩-٢١_١٥-٢٥-٢٤.png,UNVERIFIED,recording_03,0.0,3.13,recording_02,23.0,3.556,recording_01,13.0,48.927,,,
frame_024,24,ZED-X_SN45626933_٢٠٢٦-٠٩-٢١_١٤-٥٩-٤٨_٢٠٢٦-٠٩-٢١_١٥-٢٥-٢٧.png,UNVERIFIED,recording_03,2.0,19.728,recording_02,22.0,22.227,recording_01,12.0,49.717,,,
frame_025,25,ZED-X_SN45626933_٢٠٢٦-٠٩-٢١_١٤-٥٩-٤٨_٢٠٢٦-٠٩-٢١_١٥-٢٥-٣٢.png,UNVERIFIED,recording_03,7.0,11.983,recording_07,21.0,41.822,recording_04,12.0,46.471,,,
frame_026,26,ZED-X_SN45626933_٢٠٢٦-٠٩-٢١_١٤-٥٩-٤٨_٢٠٢٦-٠٩-٢١_١٥-٢٥-٣٤.png,UNVERIFIED,recording_03,9.0,23.738,recording_07,0.0,44.485,recording_04,15.0,44.589,,,
frame_027,27,ZED-X_SN45626933_٢٠٢٦-٠٩-٢١_١٤-٥٩-٤٨_٢٠٢٦-٠٩-٢١_١٥-٢٥-٣٥.png,UNVERIFIED,recording_03,10.0,12.608,recording_01,1.0,47.073,recording_07,32.0,47.353,,,
frame_028,28,ZED-X_SN45626933_٢٠٢٦-٠٩-٢١_١٤-٥٩-٤٨_٢٠٢٦-٠٩-٢١_١٥-٢٥-٣٧.png,UNVERIFIED,recording_03,11.0,21.834,recording_02,10.0,51.788,recording_08,15.0,52.95,,,
frame_029,29,ZED-X_SN45626933_٢٠٢٦-٠٩-٢١_١٤-٥٩-٤٨_٢٠٢٦-٠٩-٢١_١٥-٢٥-٣٩.png,UNVERIFIED,recording_03,15.0,39.36,recording_07,58.0,50.539,recording_01,10.0,52.322,,,
frame_030,30,ZED-X_SN45626933_٢٠٢٦-٠٩-٢١_١٤-٥٩-٤٨_٢٠٢٦-٠٩-٢١_١٥-٢٥-٤٤.png,UNVERIFIED,recording_03,19.0,27.826,recording_07,0.0,41.326,recording_04,15.0,49.079,,,
frame_031,31,ZED-X_SN45626933_٢٠٢٦-٠٩-٢١_١٤-٥٩-٤٨_٢٠٢٦-٠٩-٢١_١٥-٢٥-٤٥.png,UNVERIFIED,recording_03,20.0,4.854,recording_07,46.0,33.093,recording_08,12.0,36.214,,,
frame_032,32,ZED-X_SN45626933_٢٠٢٦-٠٩-٢١_١٤-٥٩-٤٨_٢٠٢٦-٠٩-٢١_١٥-٢٥-٤٧.png,UNVERIFIED,recording_03,21.0,22.944,recording_04,0.0,33.741,recording_07,26.0,36.287,,,
frame_033,33,ZED-X_SN45626933_٢٠٢٦-٠٩-٢١_١٥-٠١-١١_٢٠٢٦-٠٩-٢١_١٥-١٩-٤٠.png,UNVERIFIED,recording_04,0.0,2.55,recording_07,32.0,31.428,recording_08,15.0,32.305,,,
frame_034,34,ZED-X_SN45626933_٢٠٢٦-٠٩-٢١_١٥-٠١-١١_٢٠٢٦-٠٩-٢١_١٥-١٩-٤٢.png,UNVERIFIED,recording_04,1.0,11.488,recording_07,26.0,31.22,recording_08,15.0,34.032,,,
frame_035,35,ZED-X_SN45626933_٢٠٢٦-٠٩-٢١_١٥-٠١-١١_٢٠٢٦-٠٩-٢١_١٥-١٩-٤٣.png,UNVERIFIED,recording_04,5.0,7.121,recording_07,33.0,32.961,recording_01,0.0,34.0,,,
frame_036,36,ZED-X_SN45626933_٢٠٢٦-٠٩-٢١_١٥-٠١-١١_٢٠٢٦-٠٩-٢١_١٥-١٩-٤٤.png,UNVERIFIED,recording_04,3.0,2.495,recording_07,33.0,33.93,recording_08,21.0,34.365,,,
frame_037,37,ZED-X_SN45626933_٢٠٢٦-٠٩-٢١_١٥-٠١-١١_٢٠٢٦-٠٩-٢١_١٥-١٩-٤٥.png,UNVERIFIED,recording_04,4.0,5.403,recording_07,33.0,34.487,recording_08,21.0,34.894,,,
frame_038,38,ZED-X_SN45626933_٢٠٢٦-٠٩-٢١_١٥-٠١-١١_٢٠٢٦-٠٩-٢١_١٥-١٩-٤٨.png,UNVERIFIED,recording_04,7.0,17.2,recording_02,13.0,31.157,recording_07,33.0,35.226,,,
frame_039,39,ZED-X_SN45626933_٢٠٢٦-٠٩-٢١_١٥-٠١-١١_٢٠٢٦-٠٩-٢١_١٥-١٩-٥١.png,UNVERIFIED,recording_04,10.0,7.989,recording_07,4.0,28.552,recording_08,23.0,29.406,,,
frame_040,40,ZED-X_SN45626933_٢٠٢٦-٠٩-٢١_١٥-٠١-١١_٢٠٢٦-٠٩-٢١_١٥-١٩-٥٣.png,UNVERIFIED,recording_04,12.0,4.086,recording_08,12.0,26.89,recording_07,4.0,29.35,,,
frame_041,41,ZED-X_SN45626933_٢٠٢٦-٠٩-٢١_١٥-٠١-١١_٢٠٢٦-٠٩-٢١_١٥-١٩-٥٤.png,UNVERIFIED,recording_04,13.0,3.207,recording_08,12.0,29.207,recording_07,4.0,32.04,,,
frame_042,42,ZED-X_SN45626933_٢٠٢٦-٠٩-٢١_١٥-٠١-١١_٢٠٢٦-٠٩-٢١_١٥-١٩-٥٥.png,UNVERIFIED,recording_04,14.0,10.79,recording_07,45.0,31.559,recording_08,12.0,32.411,,,
frame_043,43,ZED-X_SN45626933_٢٠٢٦-٠٩-٢١_١٥-٠١-١١_٢٠٢٦-٠٩-٢١_١٥-١٩-٥٦.png,UNVERIFIED,recording_04,15.0,10.67,recording_07,42.0,35.148,recording_03,21.0,36.423,,,
frame_044,44,ZED-X_SN45626933_٢٠٢٦-٠٩-٢١_١٥-٠١-١١_٢٠٢٦-٠٩-٢١_١٥-١٩-٥٧.png,UNVERIFIED,recording_04,15.0,24.191,recording_08,12.0,35.074,recording_07,42.0,35.642,,,
frame_045,45,ZED-X_SN45626933_٢٠٢٦-٠٩-٢١_١٥-٠١-١١_٢٠٢٦-٠٩-٢١_١٥-١٩-٥٨.png,UNVERIFIED,recording_04,17.0,14.031,recording_07,43.0,32.698,recording_08,14.0,33.087,,,
frame_046,46,ZED-X_SN45626933_٢٠٢٦-٠٩-٢١_١٥-٠١-١١_٢٠٢٦-٠٩-٢١_١٥-١٩-٥٩.png,UNVERIFIED,recording_04,18.0,10.079,recording_07,26.0,31.193,recording_08,2.0,32.097,,,
frame_047,47,ZED-X_SN45626933_٢٠٢٦-٠٩-٢١_١٥-٠١-١١_٢٠٢٦-٠٩-٢١_١٥-٢٠-٠١.png,UNVERIFIED,recording_04,20.0,18.054,recording_08,3.0,30.851,recording_07,2.0,31.822,,,
frame_048,48,ZED-X_SN45626933_٢٠٢٦-٠٩-٢١_١٥-٠١-١١_٢٠٢٦-٠٩-٢١_١٥-٢٠-٠٢.png,UNVERIFIED,recording_04,21.0,15.101,recording_08,3.0,28.05,recording_07,2.0,30.602,,,
frame_049,49,ZED-X_SN45626933_٢٠٢٦-٠٩-٢١_١٥-٠١-١١_٢٠٢٦-٠٩-٢١_١٥-٢٠-٠٤.png,UNVERIFIED,recording_04,23.0,4.79,recording_08,3.0,30.653,recording_07,5.0,33.67,,,
frame_050,50,ZED-X_SN45626933_٢٠٢٦-٠٩-٢١_١٥-٠١-١١_٢٠٢٦-٠٩-٢١_١٥-٢٠-٠٥.png,UNVERIFIED,recording_04,24.0,26.117,recording_08,12.0,33.444,recording_07,46.0,34.222,,,
frame_051,51,ZED-X_SN45626933_٢٠٢٦-٠٩-٢١_١٥-٠١-١١_٢٠٢٦-٠٩-٢١_١٥-٢٠-٠٦.png,UNVERIFIED,recording_04,25.0,17.277,recording_08,12.0,38.728,recording_07,43.0,39.435,,,
frame_052,52,ZED-X_SN45626933_٢٠٢٦-٠٩-٢١_١٥-٠١-١١_٢٠٢٦-٠٩-٢١_١٥-٢٠-٠٧.png,UNVERIFIED,recording_04,26.0,33.836,recording_08,12.0,38.216,recording_07,45.0,40.484,,,
frame_053,53,ZED-X_SN45626933_٢٠٢٦-٠٩-٢١_١٥-٠١-١١_٢٠٢٦-٠٩-٢١_١٥-٢٠-٠٨.png,UNVERIFIED,recording_04,27.0,4.932,recording_07,28.0,32.841,recording_08,4.0,35.152,,,
frame_054,54,ZED-X_SN45626933_٢٠٢٦-٠٩-٢١_١٥-٠١-١١_٢٠٢٦-٠٩-٢١_١٥-٢٠-٠٩.png,UNVERIFIED,recording_04,28.0,14.031,recording_07,6.0,30.837,recording_08,12.0,31.792,,,
frame_055,55,ZED-X_SN45626933_٢٠٢٦-٠٩-٢١_١٥-٠١-١١_٢٠٢٦-٠٩-٢١_١٥-٢٠-١١.png,UNVERIFIED,recording_04,0.0,13.939,recording_08,15.0,31.747,recording_07,31.0,33.729,,,
frame_056,56,ZED-X_SN45626933_٢٠٢٦-٠٩-٢١_١٥-٠٥-٥٧_٢٠٢٦-٠٩-٢١_١٥-٢١-٤١.png,UNVERIFIED,recording_07,3.0,11.605,recording_08,13.0,29.751,recording_01,2.0,34.043,,,
frame_057,57,ZED-X_SN45626933_٢٠٢٦-٠٩-٢١_١٥-٠٥-٥٧_٢٠٢٦-٠٩-٢١_١٥-٢١-٤٤.png,UNVERIFIED,recording_07,6.0,16.42,recording_08,12.0,28.731,recording_04,12.0,33.123,,,
frame_058,58,ZED-X_SN45626933_٢٠٢٦-٠٩-٢١_١٥-٠٥-٥٧_٢٠٢٦-٠٩-٢١_١٥-٢١-٤٥.png,UNVERIFIED,recording_07,7.0,28.073,recording_08,2.0,32.251,recording_04,29.0,34.131,,,
frame_059,59,ZED-X_SN45626933_٢٠٢٦-٠٩-٢١_١٥-٠٥-٥٧_٢٠٢٦-٠٩-٢١_١٥-٢١-٤٦.png,UNVERIFIED,recording_07,8.0,16.767,recording_06,3.0,31.872,recording_08,6.0,33.203,,,
frame_060,60,ZED-X_SN45626933_٢٠٢٦-٠٩-٢١_١٥-٠٥-٥٧_٢٠٢٦-٠٩-٢١_١٥-٢١-٤٨.png,UNVERIFIED,recording_07,9.0,18.051,recording_08,9.0,41.973,recording_06,3.0,46.725,,,
frame_061,61,ZED-X_SN45626933_٢٠٢٦-٠٩-٢١_١٥-٠٥-٥٧_٢٠٢٦-٠٩-٢١_١٥-٢١-٤٩.png,UNVERIFIED,recording_07,10.0,20.971,recording_08,8.0,60.11,recording_06,9.0,62.471,,,
frame_062,62,ZED-X_SN45626933_٢٠٢٦-٠٩-٢١_١٥-٠٥-٥٧_٢٠٢٦-٠٩-٢١_١٥-٢١-٥٠.png,UNVERIFIED,recording_07,11.0,22.215,recording_08,10.0,60.316,recording_06,1.0,61.009,,,
frame_063,63,ZED-X_SN45626933_٢٠٢٦-٠٩-٢١_١٥-٠٥-٥٧_٢٠٢٦-٠٩-٢١_١٥-٢١-٥١.png,UNVERIFIED,recording_07,12.0,22.57,recording_08,9.0,57.462,recording_06,4.0,58.664,,,
frame_064,64,ZED-X_SN45626933_٢٠٢٦-٠٩-٢١_١٥-٠٥-٥٧_٢٠٢٦-٠٩-٢١_١٥-٢١-٥٣.png,UNVERIFIED,recording_07,11.0,33.555,recording_06,9.0,60.725,recording_08,10.0,61.57,,,
frame_065,65,ZED-X_SN45626933_٢٠٢٦-٠٩-٢١_١٥-٠٥-٥٧_٢٠٢٦-٠٩-٢١_١٥-٢١-٥٥.png,UNVERIFIED,recording_07,15.0,26.218,recording_08,8.0,53.906,recording_06,1.0,57.612,,,
frame_066,66,ZED-X_SN45626933_٢٠٢٦-٠٩-٢١_١٥-٠٥-٥٧_٢٠٢٦-٠٩-٢١_١٥-٢١-٥٧.png,UNVERIFIED,recording_07,17.0,20.822,recording_08,10.0,49.057,recording_04,8.0,57.796,,,
frame_067,67,ZED-X_SN45626933_٢٠٢٦-٠٩-٢١_١٥-٠٥-٥٧_٢٠٢٦-٠٩-٢١_١٥-٢١-٥٨.png,UNVERIFIED,recording_07,19.0,16.874,recording_08,9.0,43.543,recording_06,3.0,48.251,,,
frame_068,68,ZED-X_SN45626933_٢٠٢٦-٠٩-٢١_١٥-٠٥-٥٧_٢٠٢٦-٠٩-٢١_١٥-٢٢-٠٢.png,UNVERIFIED,recording_07,23.0,14.296,recording_06,2.0,40.377,recording_08,6.0,42.922,,,
frame_069,69,ZED-X_SN45626933_٢٠٢٦-٠٩-٢١_١٥-٠٥-٥٧_٢٠٢٦-٠٩-٢١_١٥-٢٢-٠٤.png,UNVERIFIED,recording_07,25.0,9.953,recording_08,16.0,33.289,recording_04,9.0,39.84,,,
frame_070,70,ZED-X_SN45626933_٢٠٢٦-٠٩-٢١_١٥-٠٥-٥٧_٢٠٢٦-٠٩-٢١_١٥-٢٢-٠٧.png,UNVERIFIED,recording_07,28.0,9.882,recording_04,29.0,32.245,recording_08,16.0,34.072,,,
frame_071,71,ZED-X_SN45626933_٢٠٢٦-٠٩-٢١_١٥-٠٥-٥٧_٢٠٢٦-٠٩-٢١_١٥-٢٢-٠٩.png,UNVERIFIED,recording_07,30.0,14.438,recording_08,15.0,30.966,recording_04,29.0,36.547,,,
frame_072,72,ZED-X_SN45626933_٢٠٢٦-٠٩-٢١_١٥-٠٥-٥٧_٢٠٢٦-٠٩-٢١_١٥-٢٢-١١.png,UNVERIFIED,recording_07,31.0,17.487,recording_08,21.0,27.046,recording_01,1.0,35.49,,,
frame_073,73,ZED-X_SN45626933_٢٠٢٦-٠٩-٢١_١٥-٠٥-٥٧_٢٠٢٦-٠٩-٢١_١٥-٢٢-١٤.png,UNVERIFIED,recording_07,35.0,16.023,recording_08,17.0,37.285,recording_02,18.0,43.071,,,
frame_074,74,ZED-X_SN45626933_٢٠٢٦-٠٩-٢١_١٥-٠٥-٥٧_٢٠٢٦-٠٩-٢١_١٥-٢٢-١٥.png,UNVERIFIED,recording_07,36.0,20.327,recording_08,17.0,36.059,recording_02,18.0,46.012,,,
frame_075,75,ZED-X_SN45626933_٢٠٢٦-٠٩-٢١_١٥-٠٥-٥٧_٢٠٢٦-٠٩-٢١_١٥-٢٢-١٩.png,UNVERIFIED,recording_07,40.0,31.753,recording_04,15.0,37.322,recording_05,0.0,37.577,,,
frame_076,76,ZED-X_SN45626933_٢٠٢٦-٠٩-٢١_١٥-٠٥-٥٧_٢٠٢٦-٠٩-٢١_١٥-٢٢-٢٠.png,UNVERIFIED,recording_07,41.0,18.045,recording_04,15.0,38.721,recording_08,3.0,41.852,,,
frame_077,77,ZED-X_SN45626933_٢٠٢٦-٠٩-٢١_١٥-٠٥-٥٧_٢٠٢٦-٠٩-٢١_١٥-٢٢-٢٢.png,UNVERIFIED,recording_07,43.0,22.019,recording_08,1.0,26.362,recording_01,2.0,31.166,,,
frame_078,78,ZED-X_SN45626933_٢٠٢٦-٠٩-٢١_١٥-٠٥-٥٧_٢٠٢٦-٠٩-٢١_١٥-٢٢-٢٥.png,UNVERIFIED,recording_07,46.0,12.379,recording_08,2.0,34.382,recording_03,20.0,37.344,,,
frame_079,79,ZED-X_SN45626933_٢٠٢٦-٠٩-٢١_١٥-٠٥-٥٧_٢٠٢٦-٠٩-٢١_١٥-٢٢-٢٧.png,UNVERIFIED,recording_07,48.0,26.329,recording_03,20.0,38.115,recording_06,5.0,39.998,,,
frame_080,80,ZED-X_SN45626933_٢٠٢٦-٠٩-٢١_١٥-٠٥-٥٧_٢٠٢٦-٠٩-٢١_١٥-٢٢-٣٠.png,UNVERIFIED,recording_07,51.0,16.04,recording_06,5.0,38.516,recording_03,20.0,43.512,,,
frame_081,81,ZED-X_SN45626933_٢٠٢٦-٠٩-٢١_١٥-٠٥-٥٧_٢٠٢٦-٠٩-٢١_١٥-٢٢-٣١.png,UNVERIFIED,recording_07,52.0,12.096,recording_06,6.0,38.649,recording_03,20.0,48.791,,,
frame_082,82,ZED-X_SN45626933_٢٠٢٦-٠٩-٢١_١٥-٠٥-٥٧_٢٠٢٦-٠٩-٢١_١٥-٢٢-٣٥.png,UNVERIFIED,recording_07,56.0,14.254,recording_05,4.0,59.843,recording_06,7.0,60.013,,,
frame_083,83,ZED-X_SN45626933_٢٠٢٦-٠٩-٢١_١٥-١٠-٣٥_٢٠٢٦-٠٩-٢١_١٥-٢٠-٥٤.png,UNVERIFIED,recording_08,0.0,2.516,recording_07,43.0,26.166,recording_01,1.0,32.178,,,
frame_084,84,ZED-X_SN45626933_٢٠٢٦-٠٩-٢١_١٥-١٠-٣٥_٢٠٢٦-٠٩-٢١_١٥-٢٠-٥٧.png,UNVERIFIED,recording_08,2.0,7.678,recording_07,43.0,27.042,recording_04,18.0,30.91,,,
frame_085,85,ZED-X_SN45626933_٢٠٢٦-٠٩-٢١_١٥-١٠-٣٥_٢٠٢٦-٠٩-٢١_١٥-٢٠-٥٩.png,UNVERIFIED,recording_08,4.0,6.608,recording_07,7.0,29.177,recording_04,21.0,31.828,,,
frame_086,86,ZED-X_SN45626933_٢٠٢٦-٠٩-٢١_١٥-١٠-٣٥_٢٠٢٦-٠٩-٢١_١٥-٢١-٠١.png,UNVERIFIED,recording_08,6.0,8.42,recording_06,3.0,31.668,recording_07,7.0,31.966,,,
frame_087,87,ZED-X_SN45626933_٢٠٢٦-٠٩-٢١_١٥-١٠-٣٥_٢٠٢٦-٠٩-٢١_١٥-٢١-٠٢.png,UNVERIFIED,recording_08,7.0,5.951,recording_06,3.0,31.188,recording_07,8.0,31.635,,,
frame_088,88,ZED-X_SN45626933_٢٠٢٦-٠٩-٢١_١٥-١٠-٣٥_٢٠٢٦-٠٩-٢١_١٥-٢١-٠٦.png,UNVERIFIED,recording_08,11.0,11.024,recording_07,6.0,31.494,recording_04,13.0,35.953,,,
frame_089,89,ZED-X_SN45626933_٢٠٢٦-٠٩-٢١_١٥-١٠-٣٥_٢٠٢٦-٠٩-٢١_١٥-٢١-٠٨.png,UNVERIFIED,recording_08,13.0,8.507,recording_07,44.0,23.659,recording_01,2.0,28.546,,,
frame_090,90,ZED-X_SN45626933_٢٠٢٦-٠٩-٢١_١٥-١٠-٣٥_٢٠٢٦-٠٩-٢١_١٥-٢١-١٠.png,UNVERIFIED,recording_08,14.0,18.499,recording_07,31.0,24.538,recording_01,2.0,30.452,,,
frame_091,91,ZED-X_SN45626933_٢٠٢٦-٠٩-٢١_١٥-١٠-٣٥_٢٠٢٦-٠٩-٢١_١٥-٢١-١٢.png,UNVERIFIED,recording_08,16.0,6.4,recording_07,25.0,30.672,recording_04,9.0,37.157,,,
frame_092,92,ZED-X_SN45626933_٢٠٢٦-٠٩-٢١_١٥-١٠-٣٥_٢٠٢٦-٠٩-٢١_١٥-٢١-١٦.png,UNVERIFIED,recording_08,20.0,9.693,recording_07,31.0,27.788,recording_01,1.0,32.155,,,
frame_093,93,ZED-X_SN45626933_٢٠٢٦-٠٩-٢١_١٥-١٠-٣٥_٢٠٢٦-٠٩-٢١_١٥-٢١-١٩.png,UNVERIFIED,recording_08,23.0,19.344,recording_04,10.0,32.756,recording_07,34.0,32.968,,,
