benchmark_image,recording,video_frame_index,elapsed_seconds,mae
ZED-X_SN45626933_٢٠٢٦-٠٩-٢١_١٤-٥٦-٤٧_٢٠٢٦-٠٩-٢١_١٥-٢٣-١٣.png,recording_01,120,2.0,4.559
ZED-X_SN45626933_٢٠٢٦-٠٩-٢١_١٤-٥٦-٤٧_٢٠٢٦-٠٩-٢١_١٥-٢٣-١٤.png,recording_01,180,3.0,10.705
ZED-X_SN45626933_٢٠٢٦-٠٩-٢١_١٤-٥٦-٤٧_٢٠٢٦-٠٩-٢١_١٥-٢٣-١٦.png,recording_01,360,6.0,3.619
ZED-X_SN45626933_٢٠٢٦-٠٩-٢١_١٤-٥٦-٤٧_٢٠٢٦-٠٩-٢١_١٥-٢٣-١٨.png,recording_01,420,7.0,20.405
ZED-X_SN45626933_٢٠٢٦-٠٩-٢١_١٤-٥٦-٤٧_٢٠٢٦-٠٩-٢١_١٥-٢٣-٢٢.png,recording_01,720,12.0,41.198
ZED-X_SN45626933_٢٠٢٦-٠٩-٢١_١٤-٥٦-٤٧_٢٠٢٦-٠٩-٢١_١٥-٢٣-٢٤.png,recording_01,840,14.0,7.156
ZED-X_SN45626933_٢٠٢٦-٠٩-٢١_١٤-٥٦-٤٧_٢٠٢٦-٠٩-٢١_١٥-٢٣-٢٦.png,recording_01,960,16.0,12.612
ZED-X_SN45626933_٢٠٢٦-٠٩-٢١_١٤-٥٨-١٤_٢٠٢٦-٠٩-٢١_١٥-٢٤-٠٥.png,recording_01,600,10.0,47.945
ZED-X_SN45626933_٢٠٢٦-٠٩-٢١_١٤-٥٨-١٤_٢٠٢٦-٠٩-٢١_١٥-٢٤-٠٧.png,recording_01,600,10.0,47.945
ZED-X_SN45626933_٢٠٢٦-٠٩-٢١_١٤-٥٨-١٤_٢٠٢٦-٠٩-٢١_١٥-٢٤-١٤.png,recording_01,600,10.0,51.915
ZED-X_SN45626933_٢٠٢٦-٠٩-٢١_١٤-٥٨-١٤_٢٠٢٦-٠٩-٢١_١٥-٢٤-١٦.png,recording_01,720,12.0,52.849
ZED-X_SN45626933_٢٠٢٦-٠٩-٢١_١٤-٥٨-١٤_٢٠٢٦-٠٩-٢١_١٥-٢٤-١٧.png,recording_01,720,12.0,53.977
ZED-X_SN45626933_٢٠٢٦-٠٩-٢١_١٤-٥٨-١٤_٢٠٢٦-٠٩-٢١_١٥-٢٤-٢٠.png,recording_01,0,0.0,58.577
ZED-X_SN45626933_٢٠٢٦-٠٩-٢١_١٤-٥٨-١٤_٢٠٢٦-٠٩-٢١_١٥-٢٤-٢٢.png,recording_01,0,0.0,42.307
ZED-X_SN45626933_٢٠٢٦-٠٩-٢١_١٤-٥٨-١٤_٢٠٢٦-٠٩-٢١_١٥-٢٤-٢٤.png,recording_01,0,0.0,45.303
ZED-X_SN45626933_٢٠٢٦-٠٩-٢١_١٤-٥٨-١٤_٢٠٢٦-٠٩-٢١_١٥-٢٤-٢٥.png,recording_01,420,7.0,45.329
ZED-X_SN45626933_٢٠٢٦-٠٩-٢١_١٤-٥٨-١٤_٢٠٢٦-٠٩-٢١_١٥-٢٤-٢٧.png,recording_01,0,0.0,43.515
ZED-X_SN45626933_٢٠٢٦-٠٩-٢١_١٤-٥٨-١٤_٢٠٢٦-٠٩-٢١_١٥-٢٤-٣١.png,recording_01,420,7.0,55.83
ZED-X_SN45626933_٢٠٢٦-٠٩-٢١_١٤-٥٨-١٤_٢٠٢٦-٠٩-٢١_١٥-٢٤-٣٣.png,recording_01,780,13.0,48.858
ZED-X_SN45626933_٢٠٢٦-٠٩-٢١_١٤-٥٨-١٤_٢٠٢٦-٠٩-٢١_١٥-٢٤-٤٣.png,recording_01,720,12.0,57.724
ZED-X_SN45626933_٢٠٢٦-٠٩-٢١_١٤-٥٨-١٤_٢٠٢٦-٠٩-٢١_١٥-٢٤-٤٦.png,recording_01,0,0.0,39.599
ZED-X_SN45626933_٢٠٢٦-٠٩-٢١_١٤-٥٨-١٤_٢٠٢٦-٠٩-٢١_١٥-٢٤-٤٨.png,recording_01,420,7.0,43.998
ZED-X_SN45626933_٢٠٢٦-٠٩-٢١_١٤-٥٩-٤٨_٢٠٢٦-٠٩-٢١_١٥-٢٥-٢٤.png,recording_01,780,13.0,48.927
ZED-X_SN45626933_٢٠٢٦-٠٩-٢١_١٤-٥٩-٤٨_٢٠٢٦-٠٩-٢١_١٥-٢٥-٢٧.png,recording_01,720,12.0,49.717
ZED-X_SN45626933_٢٠٢٦-٠٩-٢١_١٤-٥٩-٤٨_٢٠٢٦-٠٩-٢١_١٥-٢٥-٣٢.png,recording_01,780,13.0,56.1
ZED-X_SN45626933_٢٠٢٦-٠٩-٢١_١٤-٥٩-٤٨_٢٠٢٦-٠٩-٢١_١٥-٢٥-٣٤.png,recording_01,180,3.0,53.932
ZED-X_SN45626933_٢٠٢٦-٠٩-٢١_١٤-٥٩-٤٨_٢٠٢٦-٠٩-٢١_١٥-٢٥-٣٥.png,recording_01,60,1.0,47.073
ZED-X_SN45626933_٢٠٢٦-٠٩-٢١_١٤-٥٩-٤٨_٢٠٢٦-٠٩-٢١_١٥-٢٥-٣٧.png,recording_01,60,1.0,54.182
ZED-X_SN45626933_٢٠٢٦-٠٩-٢١_١٤-٥٩-٤٨_٢٠٢٦-٠٩-٢١_١٥-٢٥-٣٩.png,recording_01,600,10.0,52.322
ZED-X_SN45626933_٢٠٢٦-٠٩-٢١_١٤-٥٩-٤٨_٢٠٢٦-٠٩-٢١_١٥-٢٥-٤٤.png,recording_01,420,7.0,58.086
ZED-X_SN45626933_٢٠٢٦-٠٩-٢١_١٤-٥٩-٤٨_٢٠٢٦-٠٩-٢١_١٥-٢٥-٤٥.png,recording_01,420,7.0,48.155
ZED-X_SN45626933_٢٠٢٦-٠٩-٢١_١٤-٥٩-٤٨_٢٠٢٦-٠٩-٢١_١٥-٢٥-٤٧.png,recording_01,420,7.0,46.323
ZED-X_SN45626933_٢٠٢٦-٠٩-٢١_١٥-٠١-١١_٢٠٢٦-٠٩-٢١_١٥-١٩-٤٠.png,recording_01,300,5.0,41.35
ZED-X_SN45626933_٢٠٢٦-٠٩-٢١_١٥-٠١-١١_٢٠٢٦-٠٩-٢١_١٥-١٩-٤٢.png,recording_01,60,1.0,38.212
ZED-X_SN45626933_٢٠٢٦-٠٩-٢١_١٥-٠١-١١_٢٠٢٦-٠٩-٢١_١٥-١٩-٤٣.png,recording_01,0,0.0,34.0
ZED-X_SN45626933_٢٠٢٦-٠٩-٢١_١٥-٠١-١١_٢٠٢٦-٠٩-٢١_١٥-١٩-٤٤.png,recording_01,0,0.0,35.008
ZED-X_SN45626933_٢٠٢٦-٠٩-٢١_١٥-٠١-١١_٢٠٢٦-٠٩-٢١_١٥-١٩-٤٥.png,recording_01,0,0.0,35.781
ZED-X_SN45626933_٢٠٢٦-٠٩-٢١_١٥-٠١-١١_٢٠٢٦-٠٩-٢١_١٥-١٩-٤٨.png,recording_01,0,0.0,36.194
ZED-X_SN45626933_٢٠٢٦-٠٩-٢١_١٥-٠١-١١_٢٠٢٦-٠٩-٢١_١٥-١٩-٥١.png,recording_01,0,0.0,31.708
ZED-X_SN45626933_٢٠٢٦-٠٩-٢١_١٥-٠١-١١_٢٠٢٦-٠٩-٢١_١٥-١٩-٥٣.png,recording_01,60,1.0,34.245
ZED-X_SN45626933_٢٠٢٦-٠٩-٢١_١٥-٠١-١١_٢٠٢٦-٠٩-٢١_١٥-١٩-٥٤.png,recording_01,60,1.0,37.694
ZED-X_SN45626933_٢٠٢٦-٠٩-٢١_١٥-٠١-١١_٢٠٢٦-٠٩-٢١_١٥-١٩-٥٥.png,recording_01,60,1.0,41.847
ZED-X_SN45626933_٢٠٢٦-٠٩-٢١_١٥-٠١-١١_٢٠٢٦-٠٩-٢١_١٥-١٩-٥٦.png,recording_01,180,3.0,47.528
ZED-X_SN45626933_٢٠٢٦-٠٩-٢١_١٥-٠١-١١_٢٠٢٦-٠٩-٢١_١٥-١٩-٥٧.png,recording_01,120,2.0,44.501
ZED-X_SN45626933_٢٠٢٦-٠٩-٢١_١٥-٠١-١١_٢٠٢٦-٠٩-٢١_١٥-١٩-٥٨.png,recording_01,60,1.0,36.687
ZED-X_SN45626933_٢٠٢٦-٠٩-٢١_١٥-٠١-١١_٢٠٢٦-٠٩-٢١_١٥-١٩-٥٩.png,recording_01,120,2.0,41.381
ZED-X_SN45626933_٢٠٢٦-٠٩-٢١_١٥-٠١-١١_٢٠٢٦-٠٩-٢١_١٥-٢٠-٠١.png,recording_01,120,2.0,39.351
ZED-X_SN45626933_٢٠٢٦-٠٩-٢١_١٥-٠١-١١_٢٠٢٦-٠٩-٢١_١٥-٢٠-٠٢.png,recording_01,240,4.0,39.725
ZED-X_SN45626933_٢٠٢٦-٠٩-٢١_١٥-٠١-١١_٢٠٢٦-٠٩-٢١_١٥-٢٠-٠٤.png,recording_01,180,3.0,40.737
ZED-X_SN45626933_٢٠٢٦-٠٩-٢١_١٥-٠١-١١_٢٠٢٦-٠٩-٢١_١٥-٢٠-٠٥.png,recording_01,420,7.0,42.972
ZED-X_SN45626933_٢٠٢٦-٠٩-٢١_١٥-٠١-١١_٢٠٢٦-٠٩-٢١_١٥-٢٠-٠٦.png,recording_01,300,5.0,42.281
ZED-X_SN45626933_٢٠٢٦-٠٩-٢١_١٥-٠١-١١_٢٠٢٦-٠٩-٢١_١٥-٢٠-٠٧.png,recording_01,180,3.0,44.644
ZED-X_SN45626933_٢٠٢٦-٠٩-٢١_١٥-٠١-١١_٢٠٢٦-٠٩-٢١_١٥-٢٠-٠٨.png,recording_01,300,5.0,38.805
ZED-X_SN45626933_٢٠٢٦-٠٩-٢١_١٥-٠١-١١_٢٠٢٦-٠٩-٢١_١٥-٢٠-٠٩.png,recording_01,60,1.0,37.405
ZED-X_SN45626933_٢٠٢٦-٠٩-٢١_١٥-٠١-١١_٢٠٢٦-٠٩-٢١_١٥-٢٠-١١.png,recording_01,120,2.0,41.164
ZED-X_SN45626933_٢٠٢٦-٠٩-٢١_١٥-٠٥-٥٧_٢٠٢٦-٠٩-٢١_١٥-٢١-٤١.png,recording_01,120,2.0,34.043
ZED-X_SN45626933_٢٠٢٦-٠٩-٢١_١٥-٠٥-٥٧_٢٠٢٦-٠٩-٢١_١٥-٢١-٤٤.png,recording_01,60,1.0,36.856
ZED-X_SN45626933_٢٠٢٦-٠٩-٢١_١٥-٠٥-٥٧_٢٠٢٦-٠٩-٢١_١٥-٢١-٤٥.png,recording_01,300,5.0,40.434
ZED-X_SN45626933_٢٠٢٦-٠٩-٢١_١٥-٠٥-٥٧_٢٠٢٦-٠٩-٢١_١٥-٢١-٤٦.png,recording_01,300,5.0,38.363
ZED-X_SN45626933_٢٠٢٦-٠٩-٢١_١٥-٠٥-٥٧_٢٠٢٦-٠٩-٢١_١٥-٢١-٤٨.png,recording_01,300,5.0,52.061
ZED-X_SN45626933_٢٠٢٦-٠٩-٢١_١٥-٠٥-٥٧_٢٠٢٦-٠٩-٢١_١٥-٢١-٤٩.png,recording_01,480,8.0,67.367
ZED-X_SN45626933_٢٠٢٦-٠٩-٢١_١٥-٠٥-٥٧_٢٠٢٦-٠٩-٢١_١٥-٢١-٥٠.png,recording_01,420,7.0,66.385
ZED-X_SN45626933_٢٠٢٦-٠٩-٢١_١٥-٠٥-٥٧_٢٠٢٦-٠٩-٢١_١٥-٢١-٥١.png,recording_01,300,5.0,63.11
ZED-X_SN45626933_٢٠٢٦-٠٩-٢١_١٥-٠٥-٥٧_٢٠٢٦-٠٩-٢١_١٥-٢١-٥٣.png,recording_01,240,4.0,67.095
ZED-X_SN45626933_٢٠٢٦-٠٩-٢١_١٥-٠٥-٥٧_٢٠٢٦-٠٩-٢١_١٥-٢١-٥٥.png,recording_01,420,7.0,62.802
ZED-X_SN45626933_٢٠٢٦-٠٩-٢١_١٥-٠٥-٥٧_٢٠٢٦-٠٩-٢١_١٥-٢١-٥٧.png,recording_01,420,7.0,62.197
ZED-X_SN45626933_٢٠٢٦-٠٩-٢١_١٥-٠٥-٥٧_٢٠٢٦-٠٩-٢١_١٥-٢١-٥٨.png,recording_01,300,5.0,56.937
ZED-X_SN45626933_٢٠٢٦-٠٩-٢١_١٥-٠٥-٥٧_٢٠٢٦-٠٩-٢١_١٥-٢٢-٠٢.png,recording_01,480,8.0,46.619
ZED-X_SN45626933_٢٠٢٦-٠٩-٢١_١٥-٠٥-٥٧_٢٠٢٦-٠٩-٢١_١٥-٢٢-٠٤.png,recording_01,240,4.0,39.953
ZED-X_SN45626933_٢٠٢٦-٠٩-٢١_١٥-٠٥-٥٧_٢٠٢٦-٠٩-٢١_١٥-٢٢-٠٧.png,recording_01,240,4.0,36.16
ZED-X_SN45626933_٢٠٢٦-٠٩-٢١_١٥-٠٥-٥٧_٢٠٢٦-٠٩-٢١_١٥-٢٢-٠٩.png,recording_01,240,4.0,37.676
ZED-X_SN45626933_٢٠٢٦-٠٩-٢١_١٥-٠٥-٥٧_٢٠٢٦-٠٩-٢١_١٥-٢٢-١١.png,recording_01,60,1.0,35.49
ZED-X_SN45626933_٢٠٢٦-٠٩-٢١_١٥-٠٥-٥٧_٢٠٢٦-٠٩-٢١_١٥-٢٢-١٤.png,recording_01,480,8.0,51.578
ZED-X_SN45626933_٢٠٢٦-٠٩-٢١_١٥-٠٥-٥٧_٢٠٢٦-٠٩-٢١_١٥-٢٢-١٥.png,recording_01,480,8.0,56.381
ZED-X_SN45626933_٢٠٢٦-٠٩-٢١_١٥-٠٥-٥٧_٢٠٢٦-٠٩-٢١_١٥-٢٢-١٩.png,recording_01,240,4.0,47.644
ZED-X_SN45626933_٢٠٢٦-٠٩-٢١_١٥-٠٥-٥٧_٢٠٢٦-٠٩-٢١_١٥-٢٢-٢٠.png,recording_01,180,3.0,45.06
ZED-X_SN45626933_٢٠٢٦-٠٩-٢١_١٥-٠٥-٥٧_٢٠٢٦-٠٩-٢١_١٥-٢٢-٢٢.png,recording_01,120,2.0,31.166
ZED-X_SN45626933_٢٠٢٦-٠٩-٢١_١٥-٠٥-٥٧_٢٠٢٦-٠٩-٢١_١٥-٢٢-٢٥.png,recording_01,300,5.0,43.948
ZED-X_SN45626933_٢٠٢٦-٠٩-٢١_١٥-٠٥-٥٧_٢٠٢٦-٠٩-٢١_١٥-٢٢-٢٧.png,recording_01,420,7.0,44.675
ZED-X_SN45626933_٢٠٢٦-٠٩-٢١_١٥-٠٥-٥٧_٢٠٢٦-٠٩-٢١_١٥-٢٢-٣٠.png,recording_01,240,4.0,54.552
ZED-X_SN45626933_٢٠٢٦-٠٩-٢١_١٥-٠٥-٥٧_٢٠٢٦-٠٩-٢١_١٥-٢٢-٣١.png,recording_01,480,8.0,60.047
ZED-X_SN45626933_٢٠٢٦-٠٩-٢١_١٥-٠٥-٥٧_٢٠٢٦-٠٩-٢١_١٥-٢٢-٣٥.png,recording_01,600,10.0,72.492
ZED-X_SN45626933_٢٠٢٦-٠٩-٢١_١٥-١٠-٣٥_٢٠٢٦-٠٩-٢١_١٥-٢٠-٥٤.png,recording_01,60,1.0,32.178
ZED-X_SN45626933_٢٠٢٦-٠٩-٢١_١٥-١٠-٣٥_٢٠٢٦-٠٩-٢١_١٥-٢٠-٥٧.png,recording_01,120,2.0,34.308
ZED-X_SN45626933_٢٠٢٦-٠٩-٢١_١٥-١٠-٣٥_٢٠٢٦-٠٩-٢١_١٥-٢٠-٥٩.png,recording_01,300,5.0,38.034
ZED-X_SN45626933_٢٠٢٦-٠٩-٢١_١٥-١٠-٣٥_٢٠٢٦-٠٩-٢١_١٥-٢١-٠١.png,recording_01,300,5.0,38.93
ZED-X_SN45626933_٢٠٢٦-٠٩-٢١_١٥-١٠-٣٥_٢٠٢٦-٠٩-٢١_١٥-٢١-٠٢.png,recording_01,300,5.0,41.437
ZED-X_SN45626933_٢٠٢٦-٠٩-٢١_١٥-١٠-٣٥_٢٠٢٦-٠٩-٢١_١٥-٢١-٠٦.png,recording_01,60,1.0,37.35
ZED-X_SN45626933_٢٠٢٦-٠٩-٢١_١٥-١٠-٣٥_٢٠٢٦-٠٩-٢١_١٥-٢١-٠٨.png,recording_01,120,2.0,28.546
ZED-X_SN45626933_٢٠٢٦-٠٩-٢١_١٥-١٠-٣٥_٢٠٢٦-٠٩-٢١_١٥-٢١-١٠.png,recording_01,120,2.0,30.452
ZED-X_SN45626933_٢٠٢٦-٠٩-٢١_١٥-١٠-٣٥_٢٠٢٦-٠٩-٢١_١٥-٢١-١٢.png,recording_01,120,2.0,39.535
ZED-X_SN45626933_٢٠٢٦-٠٩-٢١_١٥-١٠-٣٥_٢٠٢٦-٠٩-٢١_١٥-٢١-١٦.png,recording_01,60,1.0,32.155
ZED-X_SN45626933_٢٠٢٦-٠٩-٢١_١٥-١٠-٣٥_٢٠٢٦-٠٩-٢١_١٥-٢١-١٩.png,recording_01,0,0.0,42.542
ZED-X_SN45626933_٢٠٢٦-٠٩-٢١_١٤-٥٦-٤٧_٢٠٢٦-٠٩-٢١_١٥-٢٣-١٣.png,recording_02,660,11.0,42.294
ZED-X_SN45626933_٢٠٢٦-٠٩-٢١_١٤-٥٦-٤٧_٢٠٢٦-٠٩-٢١_١٥-٢٣-١٤.png,recording_02,660,11.0,45.124
ZED-X_SN45626933_٢٠٢٦-٠٩-٢١_١٤-٥٦-٤٧_٢٠٢٦-٠٩-٢١_١٥-٢٣-١٦.png,recording_02,660,11.0,48.513
ZED-X_SN45626933_٢٠٢٦-٠٩-٢١_١٤-٥٦-٤٧_٢٠٢٦-٠٩-٢١_١٥-٢٣-١٨.png,recording_02,900,15.0,47.069
ZED-X_SN45626933_٢٠٢٦-٠٩-٢١_١٤-٥٦-٤٧_٢٠٢٦-٠٩-٢١_١٥-٢٣-٢٢.png,recording_02,0,0.0,57.732
ZED-X_SN45626933_٢٠٢٦-٠٩-٢١_١٤-٥٦-٤٧_٢٠٢٦-٠٩-٢١_١٥-٢٣-٢٤.png,recording_02,1080,18.0,61.204
ZED-X_SN45626933_٢٠٢٦-٠٩-٢١_١٤-٥٦-٤٧_٢٠٢٦-٠٩-٢١_١٥-٢٣-٢٦.png,recording_02,1080,18.0,60.897
ZED-X_SN45626933_٢٠٢٦-٠٩-٢١_١٤-٥٨-١٤_٢٠٢٦-٠٩-٢١_١٥-٢٤-٠٥.png,recording_02,120,2.0,18.541
ZED-X_SN45626933_٢٠٢٦-٠٩-٢١_١٤-٥٨-١٤_٢٠٢٦-٠٩-٢١_١٥-٢٤-٠٧.png,recording_02,120,2.0,18.541
ZED-X_SN45626933_٢٠٢٦-٠٩-٢١_١٤-٥٨-١٤_٢٠٢٦-٠٩-٢١_١٥-٢٤-١٤.png,recording_02,240,4.0,24.42
ZED-X_SN45626933_٢٠٢٦-٠٩-٢١_١٤-٥٨-١٤_٢٠٢٦-٠٩-٢١_١٥-٢٤-١٦.png,recording_02,360,6.0,22.448
ZED-X_SN45626933_٢٠٢٦-٠٩-٢١_١٤-٥٨-١٤_٢٠٢٦-٠٩-٢١_١٥-٢٤-١٧.png,recording_02,420,7.0,3.307
ZED-X_SN45626933_٢٠٢٦-٠٩-٢١_١٤-٥٨-١٤_٢٠٢٦-٠٩-٢١_١٥-٢٤-٢٠.png,recording_02,540,9.0,18.775
ZED-X_SN45626933_٢٠٢٦-٠٩-٢١_١٤-٥٨-١٤_٢٠٢٦-٠٩-٢١_١٥-٢٤-٢٢.png,recording_02,720,12.0,24.516
ZED-X_SN45626933_٢٠٢٦-٠٩-٢١_١٤-٥٨-١٤_٢٠٢٦-٠٩-٢١_١٥-٢٤-٢٤.png,recording_02,840,14.0,13.077
ZED-X_SN45626933_٢٠٢٦-٠٩-٢١_١٤-٥٨-١٤_٢٠٢٦-٠٩-٢١_١٥-٢٤-٢٥.png,recording_02,840,14.0,18.441
ZED-X_SN45626933_٢٠٢٦-٠٩-٢١_١٤-٥٨-١٤_٢٠٢٦-٠٩-٢١_١٥-٢٤-٢٧.png,recording_02,960,16.0,4.805
ZED-X_SN45626933_٢٠٢٦-٠٩-٢١_١٤-٥٨-١٤_٢٠٢٦-٠٩-٢١_١٥-٢٤-٣١.png,recording_02,1260,21.0,20.828
ZED-X_SN45626933_٢٠٢٦-٠٩-٢١_١٤-٥٨-١٤_٢٠٢٦-٠٩-٢١_١٥-٢٤-٣٣.png,recording_02,1380,23.0,3.108
ZED-X_SN45626933_٢٠٢٦-٠٩-٢١_١٤-٥٨-١٤_٢٠٢٦-٠٩-٢١_١٥-٢٤-٤٣.png,recording_02,540,9.0,9.045
ZED-X_SN45626933_٢٠٢٦-٠٩-٢١_١٤-٥٨-١٤_٢٠٢٦-٠٩-٢١_١٥-٢٤-٤٦.png,recording_02,720,12.0,33.376
ZED-X_SN45626933_٢٠٢٦-٠٩-٢١_١٤-٥٨-١٤_٢٠٢٦-٠٩-٢١_١٥-٢٤-٤٨.png,recording_02,840,14.0,20.98
ZED-X_SN45626933_٢٠٢٦-٠٩-٢١_١٤-٥٩-٤٨_٢٠٢٦-٠٩-٢١_١٥-٢٥-٢٤.png,recording_02,1380,23.0,3.556
ZED-X_SN45626933_٢٠٢٦-٠٩-٢١_١٤-٥٩-٤٨_٢٠٢٦-٠٩-٢١_١٥-٢٥-٢٧.png,recording_02,1320,22.0,22.227
ZED-X_SN45626933_٢٠٢٦-٠٩-٢١_١٤-٥٩-٤٨_٢٠٢٦-٠٩-٢١_١٥-٢٥-٣٢.png,recording_02,1080,18.0,49.859
ZED-X_SN45626933_٢٠٢٦-٠٩-٢١_١٤-٥٩-٤٨_٢٠٢٦-٠٩-٢١_١٥-٢٥-٣٤.png,recording_02,540,9.0,49.504
ZED-X_SN45626933_٢٠٢٦-٠٩-٢١_١٤-٥٩-٤٨_٢٠٢٦-٠٩-٢١_١٥-٢٥-٣٥.png,recording_02,600,10.0,47.562
ZED-X_SN45626933_٢٠٢٦-٠٩-٢١_١٤-٥٩-٤٨_٢٠٢٦-٠٩-٢١_١٥-٢٥-٣٧.png,recording_02,600,10.0,51.788
ZED-X_SN45626933_٢٠٢٦-٠٩-٢١_١٤-٥٩-٤٨_٢٠٢٦-٠٩-٢١_١٥-٢٥-٣٩.png,recording_02,240,4.0,65.102
ZED-X_SN45626933_٢٠٢٦-٠٩-٢١_١٤-٥٩-٤٨_٢٠٢٦-٠٩-٢١_١٥-٢٥-٤٤.png,recording_02,1260,21.0,49.459
ZED-X_SN45626933_٢٠٢٦-٠٩-٢١_١٤-٥٩-٤٨_٢٠٢٦-٠٩-٢١_١٥-٢٥-٤٥.png,recording_02,1140,19.0,52.617
ZED-X_SN45626933_٢٠٢٦-٠٩-٢١_١٤-٥٩-٤٨_٢٠٢٦-٠٩-٢١_١٥-٢٥-٤٧.png,recording_02,1200,20.0,46.327
ZED-X_SN45626933_٢٠٢٦-٠٩-٢١_١٥-٠١-١١_٢٠٢٦-٠٩-٢١_١٥-١٩-٤٠.png,recording_02,840,14.0,41.631
ZED-X_SN45626933_٢٠٢٦-٠٩-٢١_١٥-٠١-١١_٢٠٢٦-٠٩-٢١_١٥-١٩-٤٢.png,recording_02,840,14.0,36.22
ZED-X_SN45626933_٢٠٢٦-٠٩-٢١_١٥-٠١-١١_٢٠٢٦-٠٩-٢١_١٥-١٩-٤٣.png,recording_02,660,11.0,39.734
ZED-X_SN45626933_٢٠٢٦-٠٩-٢١_١٥-٠١-١١_٢٠٢٦-٠٩-٢١_١٥-١٩-٤٤.png,recording_02,660,11.0,39.947
ZED-X_SN45626933_٢٠٢٦-٠٩-٢١_١٥-٠١-١١_٢٠٢٦-٠٩-٢١_١٥-١٩-٤٥.png,recording_02,660,11.0,40.92
ZED-X_SN45626933_٢٠٢٦-٠٩-٢١_١٥-٠١-١١_٢٠٢٦-٠٩-٢١_١٥-١٩-٤٨.png,recording_02,780,13.0,31.157
ZED-X_SN45626933_٢٠٢٦-٠٩-٢١_١٥-٠١-١١_٢٠٢٦-٠٩-٢١_١٥-١٩-٥١.png,recording_02,720,12.0,36.837
ZED-X_SN45626933_٢٠٢٦-٠٩-٢١_١٥-٠١-١١_٢٠٢٦-٠٩-٢١_١٥-١٩-٥٣.png,recording_02,720,12.0,37.728
ZED-X_SN45626933_٢٠٢٦-٠٩-٢١_١٥-٠١-١١_٢٠٢٦-٠٩-٢١_١٥-١٩-٥٤.png,recording_02,1020,17.0,42.91
ZED-X_SN45626933_٢٠٢٦-٠٩-٢١_١٥-٠١-١١_٢٠٢٦-٠٩-٢١_١٥-١٩-٥٥.png,recording_02,960,16.0,46.071
ZED-X_SN45626933_٢٠٢٦-٠٩-٢١_١٥-٠١-١١_٢٠٢٦-٠٩-٢١_١٥-١٩-٥٦.png,recording_02,900,15.0,53.122
ZED-X_SN45626933_٢٠٢٦-٠٩-٢١_١٥-٠١-١١_٢٠٢٦-٠٩-٢١_١٥-١٩-٥٧.png,recording_02,900,15.0,51.145
ZED-X_SN45626933_٢٠٢٦-٠٩-٢١_١٥-٠١-١١_٢٠٢٦-٠٩-٢١_١٥-١٩-٥٨.png,recording_02,720,12.0,46.973
ZED-X_SN45626933_٢٠٢٦-٠٩-٢١_١٥-٠١-١١_٢٠٢٦-٠٩-٢١_١٥-١٩-٥٩.png,recording_02,900,15.0,42.599
ZED-X_SN45626933_٢٠٢٦-٠٩-٢١_١٥-٠١-١١_٢٠٢٦-٠٩-٢١_١٥-٢٠-٠١.png,recording_02,1080,18.0,48.613
ZED-X_SN45626933_٢٠٢٦-٠٩-٢١_١٥-٠١-١١_٢٠٢٦-٠٩-٢١_١٥-٢٠-٠٢.png,recording_02,1080,18.0,47.547
ZED-X_SN45626933_٢٠٢٦-٠٩-٢١_١٥-٠١-١١_٢٠٢٦-٠٩-٢١_١٥-٢٠-٠٤.png,recording_02,1080,18.0,46.807
ZED-X_SN45626933_٢٠٢٦-٠٩-٢١_١٥-٠١-١١_٢٠٢٦-٠٩-٢١_١٥-٢٠-٠٥.png,recording_02,900,15.0,45.274
ZED-X_SN45626933_٢٠٢٦-٠٩-٢١_١٥-٠١-١١_٢٠٢٦-٠٩-٢١_١٥-٢٠-٠٦.png,recording_02,1080,18.0,47.089
ZED-X_SN45626933_٢٠٢٦-٠٩-٢١_١٥-٠١-١١_٢٠٢٦-٠٩-٢١_١٥-٢٠-٠٧.png,recording_02,900,15.0,45.57
ZED-X_SN45626933_٢٠٢٦-٠٩-٢١_١٥-٠١-١١_٢٠٢٦-٠٩-٢١_١٥-٢٠-٠٨.png,recording_02,1080,18.0,51.02
ZED-X_SN45626933_٢٠٢٦-٠٩-٢١_١٥-٠١-١١_٢٠٢٦-٠٩-٢١_١٥-٢٠-٠٩.png,recording_02,780,13.0,48.866
ZED-X_SN45626933_٢٠٢٦-٠٩-٢١_١٥-٠١-١١_٢٠٢٦-٠٩-٢١_١٥-٢٠-١١.png,recording_02,840,14.0,39.005
ZED-X_SN45626933_٢٠٢٦-٠٩-٢١_١٥-٠٥-٥٧_٢٠٢٦-٠٩-٢١_١٥-٢١-٤١.png,recording_02,900,15.0,52.657
ZED-X_SN45626933_٢٠٢٦-٠٩-٢١_١٥-٠٥-٥٧_٢٠٢٦-٠٩-٢١_١٥-٢١-٤٤.png,recording_02,1080,18.0,47.35
ZED-X_SN45626933_٢٠٢٦-٠٩-٢١_١٥-٠٥-٥٧_٢٠٢٦-٠٩-٢١_١٥-٢١-٤٥.png,recording_02,1020,17.0,51.147
ZED-X_SN45626933_٢٠٢٦-٠٩-٢١_١٥-٠٥-٥٧_٢٠٢٦-٠٩-٢١_١٥-٢١-٤٦.png,recording_02,1080,18.0,44.834
ZED-X_SN45626933_٢٠٢٦-٠٩-٢١_١٥-٠٥-٥٧_٢٠٢٦-٠٩-٢١_١٥-٢١-٤٨.png,recording_02,1080,18.0,62.923
ZED-X_SN45626933_٢٠٢٦-٠٩-٢١_١٥-٠٥-٥٧_٢٠٢٦-٠٩-٢١_١٥-٢١-٤٩.png,recording_02,1380,23.0,68.453
ZED-X_SN45626933_٢٠٢٦-٠٩-٢١_١٥-٠٥-٥٧_٢٠٢٦-٠٩-٢١_١٥-٢١-٥٠.png,recording_02,1380,23.0,64.525
ZED-X_SN45626933_٢٠٢٦-٠٩-٢١_١٥-٠٥-٥٧_٢٠٢٦-٠٩-٢١_١٥-٢١-٥١.png,recording_02,60,1.0,64.794
ZED-X_SN45626933_٢٠٢٦-٠٩-٢١_١٥-٠٥-٥٧_٢٠٢٦-٠٩-٢١_١٥-٢١-٥٣.png,recording_02,0,0.0,67.739
ZED-X_SN45626933_٢٠٢٦-٠٩-٢١_١٥-٠٥-٥٧_٢٠٢٦-٠٩-٢١_١٥-٢١-٥٥.png,recording_02,1380,23.0,65.873
ZED-X_SN45626933_٢٠٢٦-٠٩-٢١_١٥-٠٥-٥٧_٢٠٢٦-٠٩-٢١_١٥-٢١-٥٧.png,recording_02,900,15.0,62.439
ZED-X_SN45626933_٢٠٢٦-٠٩-٢١_١٥-٠٥-٥٧_٢٠٢٦-٠٩-٢١_١٥-٢١-٥٨.png,recording_02,1080,18.0,58.636
ZED-X_SN45626933_٢٠٢٦-٠٩-٢١_١٥-٠٥-٥٧_٢٠٢٦-٠٩-٢١_١٥-٢٢-٠٢.png,recording_02,1080,18.0,48.63
ZED-X_SN45626933_٢٠٢٦-٠٩-٢١_١٥-٠٥-٥٧_٢٠٢٦-٠٩-٢١_١٥-٢٢-٠٤.png,recording_02,1080,18.0,47.149
ZED-X_SN45626933_٢٠٢٦-٠٩-٢١_١٥-٠٥-٥٧_٢٠٢٦-٠٩-٢١_١٥-٢٢-٠٧.png,recording_02,900,15.0,52.27
ZED-X_SN45626933_٢٠٢٦-٠٩-٢١_١٥-٠٥-٥٧_٢٠٢٦-٠٩-٢١_١٥-٢٢-٠٩.png,recording_02,660,11.0,47.549
ZED-X_SN45626933_٢٠٢٦-٠٩-٢١_١٥-٠٥-٥٧_٢٠٢٦-٠٩-٢١_١٥-٢٢-١١.png,recording_02,660,11.0,42.187
ZED-X_SN45626933_٢٠٢٦-٠٩-٢١_١٥-٠٥-٥٧_٢٠٢٦-٠٩-٢١_١٥-٢٢-١٤.png,recording_02,1080,18.0,43.071
ZED-X_SN45626933_٢٠٢٦-٠٩-٢١_١٥-٠٥-٥٧_٢٠٢٦-٠٩-٢١_١٥-٢٢-١٥.png,recording_02,1080,18.0,46.012
ZED-X_SN45626933_٢٠٢٦-٠٩-٢١_١٥-٠٥-٥٧_٢٠٢٦-٠٩-٢١_١٥-٢٢-١٩.png,recording_02,1200,20.0,57.228
ZED-X_SN45626933_٢٠٢٦-٠٩-٢١_١٥-٠٥-٥٧_٢٠٢٦-٠٩-٢١_١٥-٢٢-٢٠.png,recording_02,1140,19.0,55.001
ZED-X_SN45626933_٢٠٢٦-٠٩-٢١_١٥-٠٥-٥٧_٢٠٢٦-٠٩-٢١_١٥-٢٢-٢٢.png,recording_02,660,11.0,51.02
ZED-X_SN45626933_٢٠٢٦-٠٩-٢١_١٥-٠٥-٥٧_٢٠٢٦-٠٩-٢١_١٥-٢٢-٢٥.png,recording_02,900,15.0,50.363
ZED-X_SN45626933_٢٠٢٦-٠٩-٢١_١٥-٠٥-٥٧_٢٠٢٦-٠٩-٢١_١٥-٢٢-٢٧.png,recording_02,1140,19.0,53.401
ZED-X_SN45626933_٢٠٢٦-٠٩-٢١_١٥-٠٥-٥٧_٢٠٢٦-٠٩-٢١_١٥-٢٢-٣٠.png,recording_02,1200,20.0,52.526
ZED-X_SN45626933_٢٠٢٦-٠٩-٢١_١٥-٠٥-٥٧_٢٠٢٦-٠٩-٢١_١٥-٢٢-٣١.png,recording_02,1200,20.0,56.065
ZED-X_SN45626933_٢٠٢٦-٠٩-٢١_١٥-٠٥-٥٧_٢٠٢٦-٠٩-٢١_١٥-٢٢-٣٥.png,recording_02,120,2.0,62.115
ZED-X_SN45626933_٢٠٢٦-٠٩-٢١_١٥-١٠-٣٥_٢٠٢٦-٠٩-٢١_١٥-٢٠-٥٤.png,recording_02,840,14.0,47.482
ZED-X_SN45626933_٢٠٢٦-٠٩-٢١_١٥-١٠-٣٥_٢٠٢٦-٠٩-٢١_١٥-٢٠-٥٧.png,recording_02,1140,19.0,48.071
ZED-X_SN45626933_٢٠٢٦-٠٩-٢١_١٥-١٠-٣٥_٢٠٢٦-٠٩-٢١_١٥-٢٠-٥٩.png,recording_02,1080,18.0,44.359
ZED-X_SN45626933_٢٠٢٦-٠٩-٢١_١٥-١٠-٣٥_٢٠٢٦-٠٩-٢١_١٥-٢١-٠١.png,recording_02,1080,18.0,44.619
ZED-X_SN45626933_٢٠٢٦-٠٩-٢١_١٥-١٠-٣٥_٢٠٢٦-٠٩-٢١_١٥-٢١-٠٢.png,recording_02,1080,18.0,46.745
ZED-X_SN45626933_٢٠٢٦-٠٩-٢١_١٥-١٠-٣٥_٢٠٢٦-٠٩-٢١_١٥-٢١-٠٦.png,recording_02,1080,18.0,45.128
ZED-X_SN45626933_٢٠٢٦-٠٩-٢١_١٥-١٠-٣٥_٢٠٢٦-٠٩-٢١_١٥-٢١-٠٨.png,recording_02,780,13.0,45.142
ZED-X_SN45626933_٢٠٢٦-٠٩-٢١_١٥-١٠-٣٥_٢٠٢٦-٠٩-٢١_١٥-٢١-١٠.png,recording_02,780,13.0,41.88
ZED-X_SN45626933_٢٠٢٦-٠٩-٢١_١٥-١٠-٣٥_٢٠٢٦-٠٩-٢١_١٥-٢١-١٢.png,recording_02,1080,18.0,45.981
ZED-X_SN45626933_٢٠٢٦-٠٩-٢١_١٥-١٠-٣٥_٢٠٢٦-٠٩-٢١_١٥-٢١-١٦.png,recording_02,660,11.0,37.043
ZED-X_SN45626933_٢٠٢٦-٠٩-٢١_١٥-١٠-٣٥_٢٠٢٦-٠٩-٢١_١٥-٢١-١٩.png,recording_02,1080,18.0,35.435
ZED-X_SN45626933_٢٠٢٦-٠٩-٢١_١٤-٥٦-٤٧_٢٠٢٦-٠٩-٢١_١٥-٢٣-١٣.png,recording_03,540,9.0,49.817
ZED-X_SN45626933_٢٠٢٦-٠٩-٢١_١٤-٥٦-٤٧_٢٠٢٦-٠٩-٢١_١٥-٢٣-١٤.png,recording_03,600,10.0,49.098
ZED-X_SN45626933_٢٠٢٦-٠٩-٢١_١٤-٥٦-٤٧_٢٠٢٦-٠٩-٢١_١٥-٢٣-١٦.png,recording_03,540,9.0,52.622
ZED-X_SN45626933_٢٠٢٦-٠٩-٢١_١٤-٥٦-٤٧_٢٠٢٦-٠٩-٢١_١٥-٢٣-١٨.png,recording_03,1260,21.0,48.48
ZED-X_SN45626933_٢٠٢٦-٠٩-٢١_١٤-٥٦-٤٧_٢٠٢٦-٠٩-٢١_١٥-٢٣-٢٢.png,recording_03,1020,17.0,52.03
ZED-X_SN45626933_٢٠٢٦-٠٩-٢١_١٤-٥٦-٤٧_٢٠٢٦-٠٩-٢١_١٥-٢٣-٢٤.png,recording_03,360,6.0,56.727
ZED-X_SN45626933_٢٠٢٦-٠٩-٢١_١٤-٥٦-٤٧_٢٠٢٦-٠٩-٢١_١٥-٢٣-٢٦.png,recording_03,360,6.0,56.132
ZED-X_SN45626933_٢٠٢٦-٠٩-٢١_١٤-٥٨-١٤_٢٠٢٦-٠٩-٢١_١٥-٢٤-٠٥.png,recording_03,480,8.0,56.219
ZED-X_SN45626933_٢٠٢٦-٠٩-٢١_١٤-٥٨-١٤_٢٠٢٦-٠٩-٢١_١٥-٢٤-٠٧.png,recording_03,480,8.0,56.219
ZED-X_SN45626933_٢٠٢٦-٠٩-٢١_١٤-٥٨-١٤_٢٠٢٦-٠٩-٢١_١٥-٢٤-١٤.png,recording_03,480,8.0,57.35
ZED-X_SN45626933_٢٠٢٦-٠٩-٢١_١٤-٥٨-١٤_٢٠٢٦-٠٩-٢١_١٥-٢٤-١٦.png,recording_03,780,13.0,56.641
ZED-X_SN45626933_٢٠٢٦-٠٩-٢١_١٤-٥٨-١٤_٢٠٢٦-٠٩-٢١_١٥-٢٤-١٧.png,recording_03,780,13.0,53.465
ZED-X_SN45626933_٢٠٢٦-٠٩-٢١_١٤-٥٨-١٤_٢٠٢٦-٠٩-٢١_١٥-٢٤-٢٠.png,recording_03,660,11.0,50.346
ZED-X_SN45626933_٢٠٢٦-٠٩-٢١_١٤-٥٨-١٤_٢٠٢٦-٠٩-٢١_١٥-٢٤-٢٢.png,recording_03,600,10.0,51.077
ZED-X_SN45626933_٢٠٢٦-٠٩-٢١_١٤-٥٨-١٤_٢٠٢٦-٠٩-٢١_١٥-٢٤-٢٤.png,recording_03,600,10.0,52.565
ZED-X_SN45626933_٢٠٢٦-٠٩-٢١_١٤-٥٨-١٤_٢٠٢٦-٠٩-٢١_١٥-٢٤-٢٥.png,recording_03,600,10.0,50.991
ZED-X_SN45626933_٢٠٢٦-٠٩-٢١_١٤-٥٨-١٤_٢٠٢٦-٠٩-٢١_١٥-٢٤-٢٧.png,recording_03,360,6.0,52.471
ZED-X_SN45626933_٢٠٢٦-٠٩-٢١_١٤-٥٨-١٤_٢٠٢٦-٠٩-٢١_١٥-٢٤-٣١.png,recording_03,180,3.0,51.14
ZED-X_SN45626933_٢٠٢٦-٠٩-٢١_١٤-٥٨-١٤_٢٠٢٦-٠٩-٢١_١٥-٢٤-٣٣.png,recording_03,0,0.0,3.167
ZED-X_SN45626933_٢٠٢٦-٠٩-٢١_١٤-٥٨-١٤_٢٠٢٦-٠٩-٢١_١٥-٢٤-٤٣.png,recording_03,660,11.0,51.278
ZED-X_SN45626933_٢٠٢٦-٠٩-٢١_١٤-٥٨-١٤_٢٠٢٦-٠٩-٢١_١٥-٢٤-٤٦.png,recording_03,360,6.0,51.163
ZED-X_SN45626933_٢٠٢٦-٠٩-٢١_١٤-٥٨-١٤_٢٠٢٦-٠٩-٢١_١٥-٢٤-٤٨.png,recording_03,600,10.0,51.983
ZED-X_SN45626933_٢٠٢٦-٠٩-٢١_١٤-٥٩-٤٨_٢٠٢٦-٠٩-٢١_١٥-٢٥-٢٤.png,recording_03,0,0.0,3.13
ZED-X_SN45626933_٢٠٢٦-٠٩-٢١_١٤-٥٩-٤٨_٢٠٢٦-٠٩-٢١_١٥-٢٥-٢٧.png,recording_03,120,2.0,19.728
ZED-X_SN45626933_٢٠٢٦-٠٩-٢١_١٤-٥٩-٤٨_٢٠٢٦-٠٩-٢١_١٥-٢٥-٣٢.png,recording_03,420,7.0,11.983
ZED-X_SN45626933_٢٠٢٦-٠٩-٢١_١٤-٥٩-٤٨_٢٠٢٦-٠٩-٢١_١٥-٢٥-٣٤.png,recording_03,540,9.0,23.738
ZED-X_SN45626933_٢٠٢٦-٠٩-٢١_١٤-٥٩-٤٨_٢٠٢٦-٠٩-٢١_١٥-٢٥-٣٥.png,recording_03,600,10.0,12.608
ZED-X_SN45626933_٢٠٢٦-٠٩-٢١_١٤-٥٩-٤٨_٢٠٢٦-٠٩-٢١_١٥-٢٥-٣٧.png,recording_03,660,11.0,21.834
ZED-X_SN45626933_٢٠٢٦-٠٩-٢١_١٤-٥٩-٤٨_٢٠٢٦-٠٩-٢١_١٥-٢٥-٣٩.png,recording_03,900,15.0,39.36
ZED-X_SN45626933_٢٠٢٦-٠٩-٢١_١٤-٥٩-٤٨_٢٠٢٦-٠٩-٢١_١٥-٢٥-٤٤.png,recording_03,1140,19.0,27.826
ZED-X_SN45626933_٢٠٢٦-٠٩-٢١_١٤-٥٩-٤٨_٢٠٢٦-٠٩-٢١_١٥-٢٥-٤٥.png,recording_03,1200,20.0,4.854
ZED-X_SN45626933_٢٠٢٦-٠٩-٢١_١٤-٥٩-٤٨_٢٠٢٦-٠٩-٢١_١٥-٢٥-٤٧.png,recording_03,1260,21.0,22.944
ZED-X_SN45626933_٢٠٢٦-٠٩-٢١_١٥-٠١-١١_٢٠٢٦-٠٩-٢١_١٥-١٩-٤٠.png,recording_03,540,9.0,41.62
ZED-X_SN45626933_٢٠٢٦-٠٩-٢١_١٥-٠١-١١_٢٠٢٦-٠٩-٢١_١٥-١٩-٤٢.png,recording_03,600,10.0,47.244
ZED-X_SN45626933_٢٠٢٦-٠٩-٢١_١٥-٠١-١١_٢٠٢٦-٠٩-٢١_١٥-١٩-٤٣.png,recording_03,600,10.0,50.544
ZED-X_SN45626933_٢٠٢٦-٠٩-٢١_١٥-٠١-١١_٢٠٢٦-٠٩-٢١_١٥-١٩-٤٤.png,recording_03,600,10.0,49.774
ZED-X_SN45626933_٢٠٢٦-٠٩-٢١_١٥-٠١-١١_٢٠٢٦-٠٩-٢١_١٥-١٩-٤٥.png,recording_03,600,10.0,49.967
ZED-X_SN45626933_٢٠٢٦-٠٩-٢١_١٥-٠١-١١_٢٠٢٦-٠٩-٢١_١٥-١٩-٤٨.png,recording_03,600,10.0,50.549
ZED-X_SN45626933_٢٠٢٦-٠٩-٢١_١٥-٠١-١١_٢٠٢٦-٠٩-٢١_١٥-١٩-٥١.png,recording_03,600,10.0,51.667
ZED-X_SN45626933_٢٠٢٦-٠٩-٢١_١٥-٠١-١١_٢٠٢٦-٠٩-٢١_١٥-١٩-٥٣.png,recording_03,420,7.0,47.309
ZED-X_SN45626933_٢٠٢٦-٠٩-٢١_١٥-٠١-١١_٢٠٢٦-٠٩-٢١_١٥-١٩-٥٤.png,recording_03,1200,20.0,47.076
ZED-X_SN45626933_٢٠٢٦-٠٩-٢١_١٥-٠١-١١_٢٠٢٦-٠٩-٢١_١٥-١٩-٥٥.png,recording_03,1260,21.0,42.411
ZED-X_SN45626933_٢٠٢٦-٠٩-٢١_١٥-٠١-١١_٢٠٢٦-٠٩-٢١_١٥-١٩-٥٦.png,recording_03,1260,21.0,36.423
ZED-X_SN45626933_٢٠٢٦-٠٩-٢١_١٥-٠١-١١_٢٠٢٦-٠٩-٢١_١٥-١٩-٥٧.png,recording_03,1260,21.0,39.806
ZED-X_SN45626933_٢٠٢٦-٠٩-٢١_١٥-٠١-١١_٢٠٢٦-٠٩-٢١_١٥-١٩-٥٨.png,recording_03,1200,20.0,49.786
ZED-X_SN45626933_٢٠٢٦-٠٩-٢١_١٥-٠١-١١_٢٠٢٦-٠٩-٢١_١٥-١٩-٥٩.png,recording_03,1260,21.0,42.054
ZED-X_SN45626933_٢٠٢٦-٠٩-٢١_١٥-٠١-١١_٢٠٢٦-٠٩-٢١_١٥-٢٠-٠١.png,recording_03,1200,20.0,45.924
ZED-X_SN45626933_٢٠٢٦-٠٩-٢١_١٥-٠١-١١_٢٠٢٦-٠٩-٢١_١٥-٢٠-٠٢.png,recording_03,1260,21.0,48.469
ZED-X_SN45626933_٢٠٢٦-٠٩-٢١_١٥-٠١-١١_٢٠٢٦-٠٩-٢١_١٥-٢٠-٠٤.png,recording_03,1200,20.0,46.799
ZED-X_SN45626933_٢٠٢٦-٠٩-٢١_١٥-٠١-١١_٢٠٢٦-٠٩-٢١_١٥-٢٠-٠٥.png,recording_03,1260,21.0,38.458
ZED-X_SN45626933_٢٠٢٦-٠٩-٢١_١٥-٠١-١١_٢٠٢٦-٠٩-٢١_١٥-٢٠-٠٦.png,recording_03,1200,20.0,43.635
ZED-X_SN45626933_٢٠٢٦-٠٩-٢١_١٥-٠١-١١_٢٠٢٦-٠٩-٢١_١٥-٢٠-٠٧.png,recording_03,1260,21.0,46.852
ZED-X_SN45626933_٢٠٢٦-٠٩-٢١_١٥-٠١-١١_٢٠٢٦-٠٩-٢١_١٥-٢٠-٠٨.png,recording_03,1200,20.0,44.138
ZED-X_SN45626933_٢٠٢٦-٠٩-٢١_١٥-٠١-١١_٢٠٢٦-٠٩-٢١_١٥-٢٠-٠٩.png,recording_03,1200,20.0,45.421
ZED-X_SN45626933_٢٠٢٦-٠٩-٢١_١٥-٠١-١١_٢٠٢٦-٠٩-٢١_١٥-٢٠-١١.png,recording_03,600,10.0,44.116
ZED-X_SN45626933_٢٠٢٦-٠٩-٢١_١٥-٠٥-٥٧_٢٠٢٦-٠٩-٢١_١٥-٢١-٤١.png,recording_03,1260,21.0,44.317
ZED-X_SN45626933_٢٠٢٦-٠٩-٢١_١٥-٠٥-٥٧_٢٠٢٦-٠٩-٢١_١٥-٢١-٤٤.png,recording_03,1200,20.0,43.178
ZED-X_SN45626933_٢٠٢٦-٠٩-٢١_١٥-٠٥-٥٧_٢٠٢٦-٠٩-٢١_١٥-٢١-٤٥.png,recording_03,1260,21.0,46.021
ZED-X_SN45626933_٢٠٢٦-٠٩-٢١_١٥-٠٥-٥٧_٢٠٢٦-٠٩-٢١_١٥-٢١-٤٦.png,recording_03,1200,20.0,50.325
ZED-X_SN45626933_٢٠٢٦-٠٩-٢١_١٥-٠٥-٥٧_٢٠٢٦-٠٩-٢١_١٥-٢١-٤٨.png,recording_03,1200,20.0,63.461
ZED-X_SN45626933_٢٠٢٦-٠٩-٢١_١٥-٠٥-٥٧_٢٠٢٦-٠٩-٢١_١٥-٢١-٤٩.png,recording_03,120,2.0,68.151
ZED-X_SN45626933_٢٠٢٦-٠٩-٢١_١٥-٠٥-٥٧_٢٠٢٦-٠٩-٢١_١٥-٢١-٥٠.png,recording_03,0,0.0,64.34
ZED-X_SN45626933_٢٠٢٦-٠٩-٢١_١٥-٠٥-٥٧_٢٠٢٦-٠٩-٢١_١٥-٢١-٥١.png,recording_03,420,7.0,70.747
ZED-X_SN45626933_٢٠٢٦-٠٩-٢١_١٥-٠٥-٥٧_٢٠٢٦-٠٩-٢١_١٥-٢١-٥٣.png,recording_03,0,0.0,69.268
ZED-X_SN45626933_٢٠٢٦-٠٩-٢١_١٥-٠٥-٥٧_٢٠٢٦-٠٩-٢١_١٥-٢١-٥٥.png,recording_03,0,0.0,65.704
ZED-X_SN45626933_٢٠٢٦-٠٩-٢١_١٥-٠٥-٥٧_٢٠٢٦-٠٩-٢١_١٥-٢١-٥٧.png,recording_03,0,0.0,70.41
ZED-X_SN45626933_٢٠٢٦-٠٩-٢١_١٥-٠٥-٥٧_٢٠٢٦-٠٩-٢١_١٥-٢١-٥٨.png,recording_03,960,16.0,62.645
ZED-X_SN45626933_٢٠٢٦-٠٩-٢١_١٥-٠٥-٥٧_٢٠٢٦-٠٩-٢١_١٥-٢٢-٠٢.png,recording_03,420,7.0,55.337
ZED-X_SN45626933_٢٠٢٦-٠٩-٢١_١٥-٠٥-٥٧_٢٠٢٦-٠٩-٢١_١٥-٢٢-٠٤.png,recording_03,1200,20.0,56.929
ZED-X_SN45626933_٢٠٢٦-٠٩-٢١_١٥-٠٥-٥٧_٢٠٢٦-٠٩-٢١_١٥-٢٢-٠٧.png,recording_03,1260,21.0,48.61
ZED-X_SN45626933_٢٠٢٦-٠٩-٢١_١٥-٠٥-٥٧_٢٠٢٦-٠٩-٢١_١٥-٢٢-٠٩.png,recording_03,1260,21.0,49.767
ZED-X_SN45626933_٢٠٢٦-٠٩-٢١_١٥-٠٥-٥٧_٢٠٢٦-٠٩-٢١_١٥-٢٢-١١.png,recording_03,1260,21.0,47.688
ZED-X_SN45626933_٢٠٢٦-٠٩-٢١_١٥-٠٥-٥٧_٢٠٢٦-٠٩-٢١_١٥-٢٢-١٤.png,recording_03,960,16.0,60.665
ZED-X_SN45626933_٢٠٢٦-٠٩-٢١_١٥-٠٥-٥٧_٢٠٢٦-٠٩-٢١_١٥-٢٢-١٥.png,recording_03,960,16.0,57.916
ZED-X_SN45626933_٢٠٢٦-٠٩-٢١_١٥-٠٥-٥٧_٢٠٢٦-٠٩-٢١_١٥-٢٢-١٩.png,recording_03,1260,21.0,49.323
ZED-X_SN45626933_٢٠٢٦-٠٩-٢١_١٥-٠٥-٥٧_٢٠٢٦-٠٩-٢١_١٥-٢٢-٢٠.png,recording_03,1260,21.0,45.192
ZED-X_SN45626933_٢٠٢٦-٠٩-٢١_١٥-٠٥-٥٧_٢٠٢٦-٠٩-٢١_١٥-٢٢-٢٢.png,recording_03,1200,20.0,43.998
ZED-X_SN45626933_٢٠٢٦-٠٩-٢١_١٥-٠٥-٥٧_٢٠٢٦-٠٩-٢١_١٥-٢٢-٢٥.png,recording_03,1200,20.0,37.344
ZED-X_SN45626933_٢٠٢٦-٠٩-٢١_١٥-٠٥-٥٧_٢٠٢٦-٠٩-٢١_١٥-٢٢-٢٧.png,recording_03,1200,20.0,38.115
ZED-X_SN45626933_٢٠٢٦-٠٩-٢١_١٥-٠٥-٥٧_٢٠٢٦-٠٩-٢١_١٥-٢٢-٣٠.png,recording_03,1200,20.0,43.512
ZED-X_SN45626933_٢٠٢٦-٠٩-٢١_١٥-٠٥-٥٧_٢٠٢٦-٠٩-٢١_١٥-٢٢-٣١.png,recording_03,1200,20.0,48.791
ZED-X_SN45626933_٢٠٢٦-٠٩-٢١_١٥-٠٥-٥٧_٢٠٢٦-٠٩-٢١_١٥-٢٢-٣٥.png,recording_03,300,5.0,68.082
ZED-X_SN45626933_٢٠٢٦-٠٩-٢١_١٥-١٠-٣٥_٢٠٢٦-٠٩-٢١_١٥-٢٠-٥٤.png,recording_03,1200,20.0,43.421
ZED-X_SN45626933_٢٠٢٦-٠٩-٢١_١٥-١٠-٣٥_٢٠٢٦-٠٩-٢١_١٥-٢٠-٥٧.png,recording_03,1200,20.0,44.495
ZED-X_SN45626933_٢٠٢٦-٠٩-٢١_١٥-١٠-٣٥_٢٠٢٦-٠٩-٢١_١٥-٢٠-٥٩.png,recording_03,1200,20.0,44.833
ZED-X_SN45626933_٢٠٢٦-٠٩-٢١_١٥-١٠-٣٥_٢٠٢٦-٠٩-٢١_١٥-٢١-٠١.png,recording_03,1200,20.0,50.356
ZED-X_SN45626933_٢٠٢٦-٠٩-٢١_١٥-١٠-٣٥_٢٠٢٦-٠٩-٢١_١٥-٢١-٠٢.png,recording_03,1200,20.0,51.652
ZED-X_SN45626933_٢٠٢٦-٠٩-٢١_١٥-١٠-٣٥_٢٠٢٦-٠٩-٢١_١٥-٢١-٠٦.png,recording_03,1200,20.0,53.057
ZED-X_SN45626933_٢٠٢٦-٠٩-٢١_١٥-١٠-٣٥_٢٠٢٦-٠٩-٢١_١٥-٢١-٠٨.png,recording_03,1200,20.0,39.323
ZED-X_SN45626933_٢٠٢٦-٠٩-٢١_١٥-١٠-٣٥_٢٠٢٦-٠٩-٢١_١٥-٢١-١٠.png,recording_03,1260,21.0,43.236
ZED-X_SN45626933_٢٠٢٦-٠٩-٢١_١٥-١٠-٣٥_٢٠٢٦-٠٩-٢١_١٥-٢١-١٢.png,recording_03,1200,20.0,55.023
ZED-X_SN45626933_٢٠٢٦-٠٩-٢١_١٥-١٠-٣٥_٢٠٢٦-٠٩-٢١_١٥-٢١-١٦.png,recording_03,600,10.0,50.669
ZED-X_SN45626933_٢٠٢٦-٠٩-٢١_١٥-١٠-٣٥_٢٠٢٦-٠٩-٢١_١٥-٢١-١٩.png,recording_03,360,6.0,49.503
ZED-X_SN45626933_٢٠٢٦-٠٩-٢١_١٤-٥٦-٤٧_٢٠٢٦-٠٩-٢١_١٥-٢٣-١٣.png,recording_04,600,10.0,36.737
ZED-X_SN45626933_٢٠٢٦-٠٩-٢١_١٤-٥٦-٤٧_٢٠٢٦-٠٩-٢١_١٥-٢٣-١٤.png,recording_04,600,10.0,38.617
ZED-X_SN45626933_٢٠٢٦-٠٩-٢١_١٤-٥٦-٤٧_٢٠٢٦-٠٩-٢١_١٥-٢٣-١٦.png,recording_04,1620,27.0,41.468
ZED-X_SN45626933_٢٠٢٦-٠٩-٢١_١٤-٥٦-٤٧_٢٠٢٦-٠٩-٢١_١٥-٢٣-١٨.png,recording_04,1620,27.0,42.511
ZED-X_SN45626933_٢٠٢٦-٠٩-٢١_١٤-٥٦-٤٧_٢٠٢٦-٠٩-٢١_١٥-٢٣-٢٢.png,recording_04,120,2.0,71.125
ZED-X_SN45626933_٢٠٢٦-٠٩-٢١_١٤-٥٦-٤٧_٢٠٢٦-٠٩-٢١_١٥-٢٣-٢٤.png,recording_04,660,11.0,71.626
ZED-X_SN45626933_٢٠٢٦-٠٩-٢١_١٤-٥٦-٤٧_٢٠٢٦-٠٩-٢١_١٥-٢٣-٢٦.png,recording_04,660,11.0,69.538
ZED-X_SN45626933_٢٠٢٦-٠٩-٢١_١٤-٥٨-١٤_٢٠٢٦-٠٩-٢١_١٥-٢٤-٠٥.png,recording_04,900,15.0,74.729
ZED-X_SN45626933_٢٠٢٦-٠٩-٢١_١٤-٥٨-١٤_٢٠٢٦-٠٩-٢١_١٥-٢٤-٠٧.png,recording_04,900,15.0,74.729
ZED-X_SN45626933_٢٠٢٦-٠٩-٢١_١٤-٥٨-١٤_٢٠٢٦-٠٩-٢١_١٥-٢٤-١٤.png,recording_04,900,15.0,61.233
ZED-X_SN45626933_٢٠٢٦-٠٩-٢١_١٤-٥٨-١٤_٢٠٢٦-٠٩-٢١_١٥-٢٤-١٦.png,recording_04,0,0.0,60.864
ZED-X_SN45626933_٢٠٢٦-٠٩-٢١_١٤-٥٨-١٤_٢٠٢٦-٠٩-٢١_١٥-٢٤-١٧.png,recording_04,0,0.0,58.428
ZED-X_SN45626933_٢٠٢٦-٠٩-٢١_١٤-٥٨-١٤_٢٠٢٦-٠٩-٢١_١٥-٢٤-٢٠.png,recording_04,0,0.0,48.3
ZED-X_SN45626933_٢٠٢٦-٠٩-٢١_١٤-٥٨-١٤_٢٠٢٦-٠٩-٢١_١٥-٢٤-٢٢.png,recording_04,600,10.0,39.148
ZED-X_SN45626933_٢٠٢٦-٠٩-٢١_١٤-٥٨-١٤_٢٠٢٦-٠٩-٢١_١٥-٢٤-٢٤.png,recording_04,420,7.0,33.136
ZED-X_SN45626933_٢٠٢٦-٠٩-٢١_١٤-٥٨-١٤_٢٠٢٦-٠٩-٢١_١٥-٢٤-٢٥.png,recording_04,420,7.0,37.503
ZED-X_SN45626933_٢٠٢٦-٠٩-٢١_١٤-٥٨-١٤_٢٠٢٦-٠٩-٢١_١٥-٢٤-٢٧.png,recording_04,600,10.0,39.759
ZED-X_SN45626933_٢٠٢٦-٠٩-٢١_١٤-٥٨-١٤_٢٠٢٦-٠٩-٢١_١٥-٢٤-٣١.png,recording_04,0,0.0,57.121
ZED-X_SN45626933_٢٠٢٦-٠٩-٢١_١٤-٥٨-١٤_٢٠٢٦-٠٩-٢١_١٥-٢٤-٣٣.png,recording_04,480,8.0,67.106
ZED-X_SN45626933_٢٠٢٦-٠٩-٢١_١٤-٥٨-١٤_٢٠٢٦-٠٩-٢١_١٥-٢٤-٤٣.png,recording_04,0,0.0,50.62
ZED-X_SN45626933_٢٠٢٦-٠٩-٢١_١٤-٥٨-١٤_٢٠٢٦-٠٩-٢١_١٥-٢٤-٤٦.png,recording_04,720,12.0,39.402
ZED-X_SN45626933_٢٠٢٦-٠٩-٢١_١٤-٥٨-١٤_٢٠٢٦-٠٩-٢١_١٥-٢٤-٤٨.png,recording_04,480,8.0,35.958
ZED-X_SN45626933_٢٠٢٦-٠٩-٢١_١٤-٥٩-٤٨_٢٠٢٦-٠٩-٢١_١٥-٢٥-٢٤.png,recording_04,480,8.0,66.616
ZED-X_SN45626933_٢٠٢٦-٠٩-٢١_١٤-٥٩-٤٨_٢٠٢٦-٠٩-٢١_١٥-٢٥-٢٧.png,recording_04,420,7.0,68.728
ZED-X_SN45626933_٢٠٢٦-٠٩-٢١_١٤-٥٩-٤٨_٢٠٢٦-٠٩-٢١_١٥-٢٥-٣٢.png,recording_04,720,12.0,46.471
ZED-X_SN45626933_٢٠٢٦-٠٩-٢١_١٤-٥٩-٤٨_٢٠٢٦-٠٩-٢١_١٥-٢٥-٣٤.png,recording_04,900,15.0,44.589
ZED-X_SN45626933_٢٠٢٦-٠٩-٢١_١٤-٥٩-٤٨_٢٠٢٦-٠٩-٢١_١٥-٢٥-٣٥.png,recording_04,60,1.0,47.993
ZED-X_SN45626933_٢٠٢٦-٠٩-٢١_١٤-٥٩-٤٨_٢٠٢٦-٠٩-٢١_١٥-٢٥-٣٧.png,recording_04,180,3.0,53.782
ZED-X_SN45626933_٢٠٢٦-٠٩-٢١_١٤-٥٩-٤٨_٢٠٢٦-٠٩-٢١_١٥-٢٥-٣٩.png,recording_04,0,0.0,79.203
ZED-X_SN45626933_٢٠٢٦-٠٩-٢١_١٤-٥٩-٤٨_٢٠٢٦-٠٩-٢١_١٥-٢٥-٤٤.png,recording_04,900,15.0,49.079
ZED-X_SN45626933_٢٠٢٦-٠٩-٢١_١٤-٥٩-٤٨_٢٠٢٦-٠٩-٢١_١٥-٢٥-٤٥.png,recording_04,1140,19.0,40.846
ZED-X_SN45626933_٢٠٢٦-٠٩-٢١_١٤-٥٩-٤٨_٢٠٢٦-٠٩-٢١_١٥-٢٥-٤٧.png,recording_04,0,0.0,33.741
ZED-X_SN45626933_٢٠٢٦-٠٩-٢١_١٥-٠١-١١_٢٠٢٦-٠٩-٢١_١٥-١٩-٤٠.png,recording_04,0,0.0,2.55
ZED-X_SN45626933_٢٠٢٦-٠٩-٢١_١٥-٠١-١١_٢٠٢٦-٠٩-٢١_١٥-١٩-٤٢.png,recording_04,60,1.0,11.488
ZED-X_SN45626933_٢٠٢٦-٠٩-٢١_١٥-٠١-١١_٢٠٢٦-٠٩-٢١_١٥-١٩-٤٣.png,recording_04,300,5.0,7.121
ZED-X_SN45626933_٢٠٢٦-٠٩-٢١_١٥-٠١-١١_٢٠٢٦-٠٩-٢١_١٥-١٩-٤٤.png,recording_04,180,3.0,2.495
ZED-X_SN45626933_٢٠٢٦-٠٩-٢١_١٥-٠١-١١_٢٠٢٦-٠٩-٢١_١٥-١٩-٤٥.png,recording_04,240,4.0,5.403
ZED-X_SN45626933_٢٠٢٦-٠٩-٢١_١٥-٠١-١١_٢٠٢٦-٠٩-٢١_١٥-١٩-٤٨.png,recording_04,420,7.0,17.2
ZED-X_SN45626933_٢٠٢٦-٠٩-٢١_١٥-٠١-١١_٢٠٢٦-٠٩-٢١_١٥-١٩-٥١.png,recording_04,600,10.0,7.989
ZED-X_SN45626933_٢٠٢٦-٠٩-٢١_١٥-٠١-١١_٢٠٢٦-٠٩-٢١_١٥-١٩-٥٣.png,recording_04,720,12.0,4.086
ZED-X_SN45626933_٢٠٢٦-٠٩-٢١_١٥-٠١-١١_٢٠٢٦-٠٩-٢١_١٥-١٩-٥٤.png,recording_04,780,13.0,3.207
ZED-X_SN45626933_٢٠٢٦-٠٩-٢١_١٥-٠١-١١_٢٠٢٦-٠٩-٢١_١٥-١٩-٥٥.png,recording_04,840,14.0,10.79
ZED-X_SN45626933_٢٠٢٦-٠٩-٢١_١٥-٠١-١١_٢٠٢٦-٠٩-٢١_١٥-١٩-٥٦.png,recording_04,900,15.0,10.67
ZED-X_SN45626933_٢٠٢٦-٠٩-٢١_١٥-٠١-١١_٢٠٢٦-٠٩-٢١_١٥-١٩-٥٧.png,recording_04,900,15.0,24.191
ZED-X_SN45626933_٢٠٢٦-٠٩-٢١_١٥-٠١-١١_٢٠٢٦-٠٩-٢١_١٥-١٩-٥٨.png,recording_04,1020,17.0,14.031
ZED-X_SN45626933_٢٠٢٦-٠٩-٢١_١٥-٠١-١١_٢٠٢٦-٠٩-٢١_١٥-١٩-٥٩.png,recording_04,1080,18.0,10.079
ZED-X_SN45626933_٢٠٢٦-٠٩-٢١_١٥-٠١-١١_٢٠٢٦-٠٩-٢١_١٥-٢٠-٠١.png,recording_04,1200,20.0,18.054
ZED-X_SN45626933_٢٠٢٦-٠٩-٢١_١٥-٠١-١١_٢٠٢٦-٠٩-٢١_١٥-٢٠-٠٢.png,recording_04,1260,21.0,15.101
ZED-X_SN45626933_٢٠٢٦-٠٩-٢١_١٥-٠١-١١_٢٠٢٦-٠٩-٢١_١٥-٢٠-٠٤.png,recording_04,1380,23.0,4.79
ZED-X_SN45626933_٢٠٢٦-٠٩-٢١_١٥-٠١-١١_٢٠٢٦-٠٩-٢١_١٥-٢٠-٠٥.png,recording_04,1440,24.0,26.117
ZED-X_SN45626933_٢٠٢٦-٠٩-٢١_١٥-٠١-١١_٢٠٢٦-٠٩-٢١_١٥-٢٠-٠٦.png,recording_04,1500,25.0,17.277
ZED-X_SN45626933_٢٠٢٦-٠٩-٢١_١٥-٠١-١١_٢٠٢٦-٠٩-٢١_١٥-٢٠-٠٧.png,recording_04,1560,26.0,33.836
ZED-X_SN45626933_٢٠٢٦-٠٩-٢١_١٥-٠١-١١_٢٠٢٦-٠٩-٢١_١٥-٢٠-٠٨.png,recording_04,1620,27.0,4.932
ZED-X_SN45626933_٢٠٢٦-٠٩-٢١_١٥-٠١-١١_٢٠٢٦-٠٩-٢١_١٥-٢٠-٠٩.png,recording_04,1680,28.0,14.031
ZED-X_SN45626933_٢٠٢٦-٠٩-٢١_١٥-٠١-١١_٢٠٢٦-٠٩-٢١_١٥-٢٠-١١.png,recording_04,0,0.0,13.939
ZED-X_SN45626933_٢٠٢٦-٠٩-٢١_١٥-٠٥-٥٧_٢٠٢٦-٠٩-٢١_١٥-٢١-٤١.png,recording_04,1260,21.0,34.491
ZED-X_SN45626933_٢٠٢٦-٠٩-٢١_١٥-٠٥-٥٧_٢٠٢٦-٠٩-٢١_١٥-٢١-٤٤.png,recording_04,720,12.0,33.123
ZED-X_SN45626933_٢٠٢٦-٠٩-٢١_١٥-٠٥-٥٧_٢٠٢٦-٠٩-٢١_١٥-٢١-٤٥.png,recording_04,1740,29.0,34.131
ZED-X_SN45626933_٢٠٢٦-٠٩-٢١_١٥-٠٥-٥٧_٢٠٢٦-٠٩-٢١_١٥-٢١-٤٦.png,recording_04,1620,27.0,37.565
ZED-X_SN45626933_٢٠٢٦-٠٩-٢١_١٥-٠٥-٥٧_٢٠٢٦-٠٩-٢١_١٥-٢١-٤٨.png,recording_04,1740,29.0,51.096
ZED-X_SN45626933_٢٠٢٦-٠٩-٢١_١٥-٠٥-٥٧_٢٠٢٦-٠٩-٢١_١٥-٢١-٤٩.png,recording_04,1680,28.0,63.341
ZED-X_SN45626933_٢٠٢٦-٠٩-٢١_١٥-٠٥-٥٧_٢٠٢٦-٠٩-٢١_١٥-٢١-٥٠.png,recording_04,480,8.0,64.366
ZED-X_SN45626933_٢٠٢٦-٠٩-٢١_١٥-٠٥-٥٧_٢٠٢٦-٠٩-٢١_١٥-٢١-٥١.png,recording_04,1680,28.0,65.581
ZED-X_SN45626933_٢٠٢٦-٠٩-٢١_١٥-٠٥-٥٧_٢٠٢٦-٠٩-٢١_١٥-٢١-٥٣.png,recording_04,1140,19.0,64.48
ZED-X_SN45626933_٢٠٢٦-٠٩-٢١_١٥-٠٥-٥٧_٢٠٢٦-٠٩-٢١_١٥-٢١-٥٥.png,recording_04,60,1.0,59.698
ZED-X_SN45626933_٢٠٢٦-٠٩-٢١_١٥-٠٥-٥٧_٢٠٢٦-٠٩-٢١_١٥-٢١-٥٧.png,recording_04,480,8.0,57.796
ZED-X_SN45626933_٢٠٢٦-٠٩-٢١_١٥-٠٥-٥٧_٢٠٢٦-٠٩-٢١_١٥-٢١-٥٨.png,recording_04,660,11.0,51.652
ZED-X_SN45626933_٢٠٢٦-٠٩-٢١_١٥-٠٥-٥٧_٢٠٢٦-٠٩-٢١_١٥-٢٢-٠٢.png,recording_04,1500,25.0,48.338
ZED-X_SN45626933_٢٠٢٦-٠٩-٢١_١٥-٠٥-٥٧_٢٠٢٦-٠٩-٢١_١٥-٢٢-٠٤.png,recording_04,540,9.0,39.84
ZED-X_SN45626933_٢٠٢٦-٠٩-٢١_١٥-٠٥-٥٧_٢٠٢٦-٠٩-٢١_١٥-٢٢-٠٧.png,recording_04,1740,29.0,32.245
ZED-X_SN45626933_٢٠٢٦-٠٩-٢١_١٥-٠٥-٥٧_٢٠٢٦-٠٩-٢١_١٥-٢٢-٠٩.png,recording_04,1740,29.0,36.547
ZED-X_SN45626933_٢٠٢٦-٠٩-٢١_١٥-٠٥-٥٧_٢٠٢٦-٠٩-٢١_١٥-٢٢-١١.png,recording_04,60,1.0,36.806
ZED-X_SN45626933_٢٠٢٦-٠٩-٢١_١٥-٠٥-٥٧_٢٠٢٦-٠٩-٢١_١٥-٢٢-١٤.png,recording_04,600,10.0,49.953
ZED-X_SN45626933_٢٠٢٦-٠٩-٢١_١٥-٠٥-٥٧_٢٠٢٦-٠٩-٢١_١٥-٢٢-١٥.png,recording_04,540,9.0,51.777
ZED-X_SN45626933_٢٠٢٦-٠٩-٢١_١٥-٠٥-٥٧_٢٠٢٦-٠٩-٢١_١٥-٢٢-١٩.png,recording_04,900,15.0,37.322
ZED-X_SN45626933_٢٠٢٦-٠٩-٢١_١٥-٠٥-٥٧_٢٠٢٦-٠٩-٢١_١٥-٢٢-٢٠.png,recording_04,900,15.0,38.721
ZED-X_SN45626933_٢٠٢٦-٠٩-٢١_١٥-٠٥-٥٧_٢٠٢٦-٠٩-٢١_١٥-٢٢-٢٢.png,recording_04,1200,20.0,34.142
ZED-X_SN45626933_٢٠٢٦-٠٩-٢١_١٥-٠٥-٥٧_٢٠٢٦-٠٩-٢١_١٥-٢٢-٢٥.png,recording_04,1080,18.0,37.585
ZED-X_SN45626933_٢٠٢٦-٠٩-٢١_١٥-٠٥-٥٧_٢٠٢٦-٠٩-٢١_١٥-٢٢-٢٧.png,recording_04,1620,27.0,42.774
ZED-X_SN45626933_٢٠٢٦-٠٩-٢١_١٥-٠٥-٥٧_٢٠٢٦-٠٩-٢١_١٥-٢٢-٣٠.png,recording_04,1620,27.0,47.744
ZED-X_SN45626933_٢٠٢٦-٠٩-٢١_١٥-٠٥-٥٧_٢٠٢٦-٠٩-٢١_١٥-٢٢-٣١.png,recording_04,900,15.0,53.621
ZED-X_SN45626933_٢٠٢٦-٠٩-٢١_١٥-٠٥-٥٧_٢٠٢٦-٠٩-٢١_١٥-٢٢-٣٥.png,recording_04,1320,22.0,74.668
ZED-X_SN45626933_٢٠٢٦-٠٩-٢١_١٥-١٠-٣٥_٢٠٢٦-٠٩-٢١_١٥-٢٠-٥٤.png,recording_04,1740,29.0,33.455
ZED-X_SN45626933_٢٠٢٦-٠٩-٢١_١٥-١٠-٣٥_٢٠٢٦-٠٩-٢١_١٥-٢٠-٥٧.png,recording_04,1080,18.0,30.91
ZED-X_SN45626933_٢٠٢٦-٠٩-٢١_١٥-١٠-٣٥_٢٠٢٦-٠٩-٢١_١٥-٢٠-٥٩.png,recording_04,1260,21.0,31.828
ZED-X_SN45626933_٢٠٢٦-٠٩-٢١_١٥-١٠-٣٥_٢٠٢٦-٠٩-٢١_١٥-٢١-٠١.png,recording_04,1260,21.0,33.49
ZED-X_SN45626933_٢٠٢٦-٠٩-٢١_١٥-١٠-٣٥_٢٠٢٦-٠٩-٢١_١٥-٢١-٠٢.png,recording_04,1740,29.0,33.851
ZED-X_SN45626933_٢٠٢٦-٠٩-٢١_١٥-١٠-٣٥_٢٠٢٦-٠٩-٢١_١٥-٢١-٠٦.png,recording_04,780,13.0,35.953
ZED-X_SN45626933_٢٠٢٦-٠٩-٢١_١٥-١٠-٣٥_٢٠٢٦-٠٩-٢١_١٥-٢١-٠٨.png,recording_04,1080,18.0,32.282
ZED-X_SN45626933_٢٠٢٦-٠٩-٢١_١٥-١٠-٣٥_٢٠٢٦-٠٩-٢١_١٥-٢١-١٠.png,recording_04,1740,29.0,35.19
ZED-X_SN45626933_٢٠٢٦-٠٩-٢١_١٥-١٠-٣٥_٢٠٢٦-٠٩-٢١_١٥-٢١-١٢.png,recording_04,540,9.0,37.157
ZED-X_SN45626933_٢٠٢٦-٠٩-٢١_١٥-١٠-٣٥_٢٠٢٦-٠٩-٢١_١٥-٢١-١٦.png,recording_04,240,4.0,35.491
ZED-X_SN45626933_٢٠٢٦-٠٩-٢١_١٥-١٠-٣٥_٢٠٢٦-٠٩-٢١_١٥-٢١-١٩.png,recording_04,600,10.0,32.756
ZED-X_SN45626933_٢٠٢٦-٠٩-٢١_١٤-٥٦-٤٧_٢٠٢٦-٠٩-٢١_١٥-٢٣-١٣.png,recording_05,0,0.0,35.951
ZED-X_SN45626933_٢٠٢٦-٠٩-٢١_١٤-٥٦-٤٧_٢٠٢٦-٠٩-٢١_١٥-٢٣-١٤.png,recording_05,0,0.0,34.62
ZED-X_SN45626933_٢٠٢٦-٠٩-٢١_١٤-٥٦-٤٧_٢٠٢٦-٠٩-٢١_١٥-٢٣-١٦.png,recording_05,60,1.0,41.462
ZED-X_SN45626933_٢٠٢٦-٠٩-٢١_١٤-٥٦-٤٧_٢٠٢٦-٠٩-٢١_١٥-٢٣-١٨.png,recording_05,0,0.0,46.449
ZED-X_SN45626933_٢٠٢٦-٠٩-٢١_١٤-٥٦-٤٧_٢٠٢٦-٠٩-٢١_١٥-٢٣-٢٢.png,recording_05,300,5.0,54.26
ZED-X_SN45626933_٢٠٢٦-٠٩-٢١_١٤-٥٦-٤٧_٢٠٢٦-٠٩-٢١_١٥-٢٣-٢٤.png,recording_05,300,5.0,63.954
ZED-X_SN45626933_٢٠٢٦-٠٩-٢١_١٤-٥٦-٤٧_٢٠٢٦-٠٩-٢١_١٥-٢٣-٢٦.png,recording_05,300,5.0,62.359
ZED-X_SN45626933_٢٠٢٦-٠٩-٢١_١٤-٥٨-١٤_٢٠٢٦-٠٩-٢١_١٥-٢٤-٠٥.png,recording_05,240,4.0,69.036
ZED-X_SN45626933_٢٠٢٦-٠٩-٢١_١٤-٥٨-١٤_٢٠٢٦-٠٩-٢١_١٥-٢٤-٠٧.png,recording_05,240,4.0,69.036
ZED-X_SN45626933_٢٠٢٦-٠٩-٢١_١٤-٥٨-١٤_٢٠٢٦-٠٩-٢١_١٥-٢٤-١٤.png,recording_05,240,4.0,68.495
ZED-X_SN45626933_٢٠٢٦-٠٩-٢١_١٤-٥٨-١٤_٢٠٢٦-٠٩-٢١_١٥-٢٤-١٦.png,recording_05,360,6.0,63.842
ZED-X_SN45626933_٢٠٢٦-٠٩-٢١_١٤-٥٨-١٤_٢٠٢٦-٠٩-٢١_١٥-٢٤-١٧.png,recording_05,360,6.0,58.314
ZED-X_SN45626933_٢٠٢٦-٠٩-٢١_١٤-٥٨-١٤_٢٠٢٦-٠٩-٢١_١٥-٢٤-٢٠.png,recording_05,360,6.0,53.405
ZED-X_SN45626933_٢٠٢٦-٠٩-٢١_١٤-٥٨-١٤_٢٠٢٦-٠٩-٢١_١٥-٢٤-٢٢.png,recording_05,480,8.0,41.617
ZED-X_SN45626933_٢٠٢٦-٠٩-٢١_١٤-٥٨-١٤_٢٠٢٦-٠٩-٢١_١٥-٢٤-٢٤.png,recording_05,480,8.0,36.611
ZED-X_SN45626933_٢٠٢٦-٠٩-٢١_١٤-٥٨-١٤_٢٠٢٦-٠٩-٢١_١٥-٢٤-٢٥.png,recording_05,480,8.0,35.335
ZED-X_SN45626933_٢٠٢٦-٠٩-٢١_١٤-٥٨-١٤_٢٠٢٦-٠٩-٢١_١٥-٢٤-٢٧.png,recording_05,420,7.0,45.035
ZED-X_SN45626933_٢٠٢٦-٠٩-٢١_١٤-٥٨-١٤_٢٠٢٦-٠٩-٢١_١٥-٢٤-٣١.png,recording_05,180,3.0,59.583
ZED-X_SN45626933_٢٠٢٦-٠٩-٢١_١٤-٥٨-١٤_٢٠٢٦-٠٩-٢١_١٥-٢٤-٣٣.png,recording_05,180,3.0,54.294
ZED-X_SN45626933_٢٠٢٦-٠٩-٢١_١٤-٥٨-١٤_٢٠٢٦-٠٩-٢١_١٥-٢٤-٤٣.png,recording_05,360,6.0,56.139
ZED-X_SN45626933_٢٠٢٦-٠٩-٢١_١٤-٥٨-١٤_٢٠٢٦-٠٩-٢١_١٥-٢٤-٤٦.png,recording_05,600,10.0,40.982
ZED-X_SN45626933_٢٠٢٦-٠٩-٢١_١٤-٥٨-١٤_٢٠٢٦-٠٩-٢١_١٥-٢٤-٤٨.png,recording_05,480,8.0,35.17
ZED-X_SN45626933_٢٠٢٦-٠٩-٢١_١٤-٥٩-٤٨_٢٠٢٦-٠٩-٢١_١٥-٢٥-٢٤.png,recording_05,180,3.0,53.991
ZED-X_SN45626933_٢٠٢٦-٠٩-٢١_١٤-٥٩-٤٨_٢٠٢٦-٠٩-٢١_١٥-٢٥-٢٧.png,recording_05,180,3.0,53.683
ZED-X_SN45626933_٢٠٢٦-٠٩-٢١_١٤-٥٩-٤٨_٢٠٢٦-٠٩-٢١_١٥-٢٥-٣٢.png,recording_05,180,3.0,47.752
ZED-X_SN45626933_٢٠٢٦-٠٩-٢١_١٤-٥٩-٤٨_٢٠٢٦-٠٩-٢١_١٥-٢٥-٣٤.png,recording_05,0,0.0,47.475
ZED-X_SN45626933_٢٠٢٦-٠٩-٢١_١٤-٥٩-٤٨_٢٠٢٦-٠٩-٢١_١٥-٢٥-٣٥.png,recording_05,120,2.0,47.924
ZED-X_SN45626933_٢٠٢٦-٠٩-٢١_١٤-٥٩-٤٨_٢٠٢٦-٠٩-٢١_١٥-٢٥-٣٧.png,recording_05,420,7.0,53.652
ZED-X_SN45626933_٢٠٢٦-٠٩-٢١_١٤-٥٩-٤٨_٢٠٢٦-٠٩-٢١_١٥-٢٥-٣٩.png,recording_05,240,4.0,64.868
ZED-X_SN45626933_٢٠٢٦-٠٩-٢١_١٤-٥٩-٤٨_٢٠٢٦-٠٩-٢١_١٥-٢٥-٤٤.png,recording_05,240,4.0,58.228
ZED-X_SN45626933_٢٠٢٦-٠٩-٢١_١٤-٥٩-٤٨_٢٠٢٦-٠٩-٢١_١٥-٢٥-٤٥.png,recording_05,0,0.0,50.043
ZED-X_SN45626933_٢٠٢٦-٠٩-٢١_١٤-٥٩-٤٨_٢٠٢٦-٠٩-٢١_١٥-٢٥-٤٧.png,recording_05,0,0.0,44.006
ZED-X_SN45626933_٢٠٢٦-٠٩-٢١_١٥-٠١-١١_٢٠٢٦-٠٩-٢١_١٥-١٩-٤٠.png,recording_05,0,0.0,39.194
ZED-X_SN45626933_٢٠٢٦-٠٩-٢١_١٥-٠١-١١_٢٠٢٦-٠٩-٢١_١٥-١٩-٤٢.png,recording_05,480,8.0,39.345
ZED-X_SN45626933_٢٠٢٦-٠٩-٢١_١٥-٠١-١١_٢٠٢٦-٠٩-٢١_١٥-١٩-٤٣.png,recording_05,480,8.0,41.314
ZED-X_SN45626933_٢٠٢٦-٠٩-٢١_١٥-٠١-١١_٢٠٢٦-٠٩-٢١_١٥-١٩-٤٤.png,recording_05,480,8.0,40.117
ZED-X_SN45626933_٢٠٢٦-٠٩-٢١_١٥-٠١-١١_٢٠٢٦-٠٩-٢١_١٥-١٩-٤٥.png,recording_05,480,8.0,40.482
ZED-X_SN45626933_٢٠٢٦-٠٩-٢١_١٥-٠١-١١_٢٠٢٦-٠٩-٢١_١٥-١٩-٤٨.png,recording_05,480,8.0,35.829
ZED-X_SN45626933_٢٠٢٦-٠٩-٢١_١٥-٠١-١١_٢٠٢٦-٠٩-٢١_١٥-١٩-٥١.png,recording_05,60,1.0,45.137
ZED-X_SN45626933_٢٠٢٦-٠٩-٢١_١٥-٠١-١١_٢٠٢٦-٠٩-٢١_١٥-١٩-٥٣.png,recording_05,0,0.0,48.596
ZED-X_SN45626933_٢٠٢٦-٠٩-٢١_١٥-٠١-١١_٢٠٢٦-٠٩-٢١_١٥-١٩-٥٤.png,recording_05,0,0.0,47.41
ZED-X_SN45626933_٢٠٢٦-٠٩-٢١_١٥-٠١-١١_٢٠٢٦-٠٩-٢١_١٥-١٩-٥٥.png,recording_05,0,0.0,46.137
ZED-X_SN45626933_٢٠٢٦-٠٩-٢١_١٥-٠١-١١_٢٠٢٦-٠٩-٢١_١٥-١٩-٥٦.png,recording_05,0,0.0,43.053
ZED-X_SN45626933_٢٠٢٦-٠٩-٢١_١٥-٠١-١١_٢٠٢٦-٠٩-٢١_١٥-١٩-٥٧.png,recording_05,0,0.0,42.968
ZED-X_SN45626933_٢٠٢٦-٠٩-٢١_١٥-٠١-١١_٢٠٢٦-٠٩-٢١_١٥-١٩-٥٨.png,recording_05,0,0.0,46.95
ZED-X_SN45626933_٢٠٢٦-٠٩-٢١_١٥-٠١-١١_٢٠٢٦-٠٩-٢١_١٥-١٩-٥٩.png,recording_05,0,0.0,47.436
ZED-X_SN45626933_٢٠٢٦-٠٩-٢١_١٥-٠١-١١_٢٠٢٦-٠٩-٢١_١٥-٢٠-٠١.png,recording_05,0,0.0,40.312
ZED-X_SN45626933_٢٠٢٦-٠٩-٢١_١٥-٠١-١١_٢٠٢٦-٠٩-٢١_١٥-٢٠-٠٢.png,recording_05,0,0.0,42.201
ZED-X_SN45626933_٢٠٢٦-٠٩-٢١_١٥-٠١-١١_٢٠٢٦-٠٩-٢١_١٥-٢٠-٠٤.png,recording_05,0,0.0,41.425
ZED-X_SN45626933_٢٠٢٦-٠٩-٢١_١٥-٠١-١١_٢٠٢٦-٠٩-٢١_١٥-٢٠-٠٥.png,recording_05,0,0.0,46.762
ZED-X_SN45626933_٢٠٢٦-٠٩-٢١_١٥-٠١-١١_٢٠٢٦-٠٩-٢١_١٥-٢٠-٠٦.png,recording_05,0,0.0,47.136
ZED-X_SN45626933_٢٠٢٦-٠٩-٢١_١٥-٠١-١١_٢٠٢٦-٠٩-٢١_١٥-٢٠-٠٧.png,recording_05,0,0.0,45.495
ZED-X_SN45626933_٢٠٢٦-٠٩-٢١_١٥-٠١-١١_٢٠٢٦-٠٩-٢١_١٥-٢٠-٠٨.png,recording_05,0,0.0,44.579
ZED-X_SN45626933_٢٠٢٦-٠٩-٢١_١٥-٠١-١١_٢٠٢٦-٠٩-٢١_١٥-٢٠-٠٩.png,recording_05,0,0.0,50.105
ZED-X_SN45626933_٢٠٢٦-٠٩-٢١_١٥-٠١-١١_٢٠٢٦-٠٩-٢١_١٥-٢٠-١١.png,recording_05,60,1.0,43.036
ZED-X_SN45626933_٢٠٢٦-٠٩-٢١_١٥-٠٥-٥٧_٢٠٢٦-٠٩-٢١_١٥-٢١-٤١.png,recording_05,0,0.0,38.275
ZED-X_SN45626933_٢٠٢٦-٠٩-٢١_١٥-٠٥-٥٧_٢٠٢٦-٠٩-٢١_١٥-٢١-٤٤.png,recording_05,0,0.0,50.654
ZED-X_SN45626933_٢٠٢٦-٠٩-٢١_١٥-٠٥-٥٧_٢٠٢٦-٠٩-٢١_١٥-٢١-٤٥.png,recording_05,0,0.0,48.68
ZED-X_SN45626933_٢٠٢٦-٠٩-٢١_١٥-٠٥-٥٧_٢٠٢٦-٠٩-٢١_١٥-٢١-٤٦.png,recording_05,0,0.0,48.684
ZED-X_SN45626933_٢٠٢٦-٠٩-٢١_١٥-٠٥-٥٧_٢٠٢٦-٠٩-٢١_١٥-٢١-٤٨.png,recording_05,60,1.0,64.652
ZED-X_SN45626933_٢٠٢٦-٠٩-٢١_١٥-٠٥-٥٧_٢٠٢٦-٠٩-٢١_١٥-٢١-٤٩.png,recording_05,780,13.0,74.124
ZED-X_SN45626933_٢٠٢٦-٠٩-٢١_١٥-٠٥-٥٧_٢٠٢٦-٠٩-٢١_١٥-٢١-٥٠.png,recording_05,840,14.0,70.965
ZED-X_SN45626933_٢٠٢٦-٠٩-٢١_١٥-٠٥-٥٧_٢٠٢٦-٠٩-٢١_١٥-٢١-٥١.png,recording_05,300,5.0,69.099
ZED-X_SN45626933_٢٠٢٦-٠٩-٢١_١٥-٠٥-٥٧_٢٠٢٦-٠٩-٢١_١٥-٢١-٥٣.png,recording_05,840,14.0,69.754
ZED-X_SN45626933_٢٠٢٦-٠٩-٢١_١٥-٠٥-٥٧_٢٠٢٦-٠٩-٢١_١٥-٢١-٥٥.png,recording_05,780,13.0,70.863
ZED-X_SN45626933_٢٠٢٦-٠٩-٢١_١٥-٠٥-٥٧_٢٠٢٦-٠٩-٢١_١٥-٢١-٥٧.png,recording_05,840,14.0,66.56
ZED-X_SN45626933_٢٠٢٦-٠٩-٢١_١٥-٠٥-٥٧_٢٠٢٦-٠٩-٢١_١٥-٢١-٥٨.png,recording_05,300,5.0,62.395
ZED-X_SN45626933_٢٠٢٦-٠٩-٢١_١٥-٠٥-٥٧_٢٠٢٦-٠٩-٢١_١٥-٢٢-٠٢.png,recording_05,60,1.0,57.231
ZED-X_SN45626933_٢٠٢٦-٠٩-٢١_١٥-٠٥-٥٧_٢٠٢٦-٠٩-٢١_١٥-٢٢-٠٤.png,recording_05,0,0.0,48.11
ZED-X_SN45626933_٢٠٢٦-٠٩-٢١_١٥-٠٥-٥٧_٢٠٢٦-٠٩-٢١_١٥-٢٢-٠٧.png,recording_05,0,0.0,41.646
ZED-X_SN45626933_٢٠٢٦-٠٩-٢١_١٥-٠٥-٥٧_٢٠٢٦-٠٩-٢١_١٥-٢٢-٠٩.png,recording_05,0,0.0,43.918
ZED-X_SN45626933_٢٠٢٦-٠٩-٢١_١٥-٠٥-٥٧_٢٠٢٦-٠٩-٢١_١٥-٢٢-١١.png,recording_05,0,0.0,43.944
ZED-X_SN45626933_٢٠٢٦-٠٩-٢١_١٥-٠٥-٥٧_٢٠٢٦-٠٩-٢١_١٥-٢٢-١٤.png,recording_05,0,0.0,50.84
ZED-X_SN45626933_٢٠٢٦-٠٩-٢١_١٥-٠٥-٥٧_٢٠٢٦-٠٩-٢١_١٥-٢٢-١٥.png,recording_05,300,5.0,55.068
ZED-X_SN45626933_٢٠٢٦-٠٩-٢١_١٥-٠٥-٥٧_٢٠٢٦-٠٩-٢١_١٥-٢٢-١٩.png,recording_05,0,0.0,37.577
ZED-X_SN45626933_٢٠٢٦-٠٩-٢١_١٥-٠٥-٥٧_٢٠٢٦-٠٩-٢١_١٥-٢٢-٢٠.png,recording_05,0,0.0,43.136
ZED-X_SN45626933_٢٠٢٦-٠٩-٢١_١٥-٠٥-٥٧_٢٠٢٦-٠٩-٢١_١٥-٢٢-٢٢.png,recording_05,0,0.0,40.378
ZED-X_SN45626933_٢٠٢٦-٠٩-٢١_١٥-٠٥-٥٧_٢٠٢٦-٠٩-٢١_١٥-٢٢-٢٥.png,recording_05,0,0.0,48.49
ZED-X_SN45626933_٢٠٢٦-٠٩-٢١_١٥-٠٥-٥٧_٢٠٢٦-٠٩-٢١_١٥-٢٢-٢٧.png,recording_05,0,0.0,57.144
ZED-X_SN45626933_٢٠٢٦-٠٩-٢١_١٥-٠٥-٥٧_٢٠٢٦-٠٩-٢١_١٥-٢٢-٣٠.png,recording_05,0,0.0,53.841
ZED-X_SN45626933_٢٠٢٦-٠٩-٢١_١٥-٠٥-٥٧_٢٠٢٦-٠٩-٢١_١٥-٢٢-٣١.png,recording_05,240,4.0,56.451
ZED-X_SN45626933_٢٠٢٦-٠٩-٢١_١٥-٠٥-٥٧_٢٠٢٦-٠٩-٢١_١٥-٢٢-٣٥.png,recording_05,240,4.0,59.843
ZED-X_SN45626933_٢٠٢٦-٠٩-٢١_١٥-١٠-٣٥_٢٠٢٦-٠٩-٢١_١٥-٢٠-٥٤.png,recording_05,0,0.0,40.863
ZED-X_SN45626933_٢٠٢٦-٠٩-٢١_١٥-١٠-٣٥_٢٠٢٦-٠٩-٢١_١٥-٢٠-٥٧.png,recording_05,0,0.0,42.306
ZED-X_SN45626933_٢٠٢٦-٠٩-٢١_١٥-١٠-٣٥_٢٠٢٦-٠٩-٢١_١٥-٢٠-٥٩.png,recording_05,0,0.0,43.191
ZED-X_SN45626933_٢٠٢٦-٠٩-٢١_١٥-١٠-٣٥_٢٠٢٦-٠٩-٢١_١٥-٢١-٠١.png,recording_05,0,0.0,47.527
ZED-X_SN45626933_٢٠٢٦-٠٩-٢١_١٥-١٠-٣٥_٢٠٢٦-٠٩-٢١_١٥-٢١-٠٢.png,recording_05,0,0.0,51.862
ZED-X_SN45626933_٢٠٢٦-٠٩-٢١_١٥-١٠-٣٥_٢٠٢٦-٠٩-٢١_١٥-٢١-٠٦.png,recording_05,300,5.0,47.994
ZED-X_SN45626933_٢٠٢٦-٠٩-٢١_١٥-١٠-٣٥_٢٠٢٦-٠٩-٢١_١٥-٢١-٠٨.png,recording_05,0,0.0,41.917
ZED-X_SN45626933_٢٠٢٦-٠٩-٢١_١٥-١٠-٣٥_٢٠٢٦-٠٩-٢١_١٥-٢١-١٠.png,recording_05,0,0.0,41.349
ZED-X_SN45626933_٢٠٢٦-٠٩-٢١_١٥-١٠-٣٥_٢٠٢٦-٠٩-٢١_١٥-٢١-١٢.png,recording_05,0,0.0,45.616
ZED-X_SN45626933_٢٠٢٦-٠٩-٢١_١٥-١٠-٣٥_٢٠٢٦-٠٩-٢١_١٥-٢١-١٦.png,recording_05,0,0.0,47.242
ZED-X_SN45626933_٢٠٢٦-٠٩-٢١_١٥-١٠-٣٥_٢٠٢٦-٠٩-٢١_١٥-٢١-١٩.png,recording_05,120,2.0,48.573
ZED-X_SN45626933_٢٠٢٦-٠٩-٢١_١٤-٥٦-٤٧_٢٠٢٦-٠٩-٢١_١٥-٢٣-١٣.png,recording_06,120,2.0,41.79
ZED-X_SN45626933_٢٠٢٦-٠٩-٢١_١٤-٥٦-٤٧_٢٠٢٦-٠٩-٢١_١٥-٢٣-١٤.png,recording_06,180,3.0,43.067
ZED-X_SN45626933_٢٠٢٦-٠٩-٢١_١٤-٥٦-٤٧_٢٠٢٦-٠٩-٢١_١٥-٢٣-١٦.png,recording_06,180,3.0,44.314
ZED-X_SN45626933_٢٠٢٦-٠٩-٢١_١٤-٥٦-٤٧_٢٠٢٦-٠٩-٢١_١٥-٢٣-١٨.png,recording_06,300,5.0,46.686
ZED-X_SN45626933_٢٠٢٦-٠٩-٢١_١٤-٥٦-٤٧_٢٠٢٦-٠٩-٢١_١٥-٢٣-٢٢.png,recording_06,240,4.0,80.169
ZED-X_SN45626933_٢٠٢٦-٠٩-٢١_١٤-٥٦-٤٧_٢٠٢٦-٠٩-٢١_١٥-٢٣-٢٤.png,recording_06,180,3.0,70.38
ZED-X_SN45626933_٢٠٢٦-٠٩-٢١_١٤-٥٦-٤٧_٢٠٢٦-٠٩-٢١_١٥-٢٣-٢٦.png,recording_06,180,3.0,71.817
ZED-X_SN45626933_٢٠٢٦-٠٩-٢١_١٤-٥٨-١٤_٢٠٢٦-٠٩-٢١_١٥-٢٤-٠٥.png,recording_06,480,8.0,67.581
ZED-X_SN45626933_٢٠٢٦-٠٩-٢١_١٤-٥٨-١٤_٢٠٢٦-٠٩-٢١_١٥-٢٤-٠٧.png,recording_06,480,8.0,67.581
ZED-X_SN45626933_٢٠٢٦-٠٩-٢١_١٤-٥٨-١٤_٢٠٢٦-٠٩-٢١_١٥-٢٤-١٤.png,recording_06,540,9.0,65.502
ZED-X_SN45626933_٢٠٢٦-٠٩-٢١_١٤-٥٨-١٤_٢٠٢٦-٠٩-٢١_١٥-٢٤-١٦.png,recording_06,0,0.0,73.016
ZED-X_SN45626933_٢٠٢٦-٠٩-٢١_١٤-٥٨-١٤_٢٠٢٦-٠٩-٢١_١٥-٢٤-١٧.png,recording_06,0,0.0,73.836
ZED-X_SN45626933_٢٠٢٦-٠٩-٢١_١٤-٥٨-١٤_٢٠٢٦-٠٩-٢١_١٥-٢٤-٢٠.png,recording_06,60,1.0,67.144
ZED-X_SN45626933_٢٠٢٦-٠٩-٢١_١٤-٥٨-١٤_٢٠٢٦-٠٩-٢١_١٥-٢٤-٢٢.png,recording_06,180,3.0,62.777
ZED-X_SN45626933_٢٠٢٦-٠٩-٢١_١٤-٥٨-١٤_٢٠٢٦-٠٩-٢١_١٥-٢٤-٢٤.png,recording_06,0,0.0,45.674
ZED-X_SN45626933_٢٠٢٦-٠٩-٢١_١٤-٥٨-١٤_٢٠٢٦-٠٩-٢١_١٥-٢٤-٢٥.png,recording_06,0,0.0,46.676
ZED-X_SN45626933_٢٠٢٦-٠٩-٢١_١٤-٥٨-١٤_٢٠٢٦-٠٩-٢١_١٥-٢٤-٢٧.png,recording_06,180,3.0,59.954
ZED-X_SN45626933_٢٠٢٦-٠٩-٢١_١٤-٥٨-١٤_٢٠٢٦-٠٩-٢١_١٥-٢٤-٣١.png,recording_06,0,0.0,50.001
ZED-X_SN45626933_٢٠٢٦-٠٩-٢١_١٤-٥٨-١٤_٢٠٢٦-٠٩-٢١_١٥-٢٤-٣٣.png,recording_06,60,1.0,63.43
ZED-X_SN45626933_٢٠٢٦-٠٩-٢١_١٤-٥٨-١٤_٢٠٢٦-٠٩-٢١_١٥-٢٤-٤٣.png,recording_06,60,1.0,67.314
ZED-X_SN45626933_٢٠٢٦-٠٩-٢١_١٤-٥٨-١٤_٢٠٢٦-٠٩-٢١_١٥-٢٤-٤٦.png,recording_06,120,2.0,61.789
ZED-X_SN45626933_٢٠٢٦-٠٩-٢١_١٤-٥٨-١٤_٢٠٢٦-٠٩-٢١_١٥-٢٤-٤٨.png,recording_06,60,1.0,45.291
ZED-X_SN45626933_٢٠٢٦-٠٩-٢١_١٤-٥٩-٤٨_٢٠٢٦-٠٩-٢١_١٥-٢٥-٢٤.png,recording_06,60,1.0,63.082
ZED-X_SN45626933_٢٠٢٦-٠٩-٢١_١٤-٥٩-٤٨_٢٠٢٦-٠٩-٢١_١٥-٢٥-٢٧.png,recording_06,0,0.0,61.834
ZED-X_SN45626933_٢٠٢٦-٠٩-٢١_١٤-٥٩-٤٨_٢٠٢٦-٠٩-٢١_١٥-٢٥-٣٢.png,recording_06,240,4.0,54.57
ZED-X_SN45626933_٢٠٢٦-٠٩-٢١_١٤-٥٩-٤٨_٢٠٢٦-٠٩-٢١_١٥-٢٥-٣٤.png,recording_06,0,0.0,59.453
ZED-X_SN45626933_٢٠٢٦-٠٩-٢١_١٤-٥٩-٤٨_٢٠٢٦-٠٩-٢١_١٥-٢٥-٣٥.png,recording_06,0,0.0,62.939
ZED-X_SN45626933_٢٠٢٦-٠٩-٢١_١٤-٥٩-٤٨_٢٠٢٦-٠٩-٢١_١٥-٢٥-٣٧.png,recording_06,0,0.0,66.991
ZED-X_SN45626933_٢٠٢٦-٠٩-٢١_١٤-٥٩-٤٨_٢٠٢٦-٠٩-٢١_١٥-٢٥-٣٩.png,recording_06,540,9.0,76.049
ZED-X_SN45626933_٢٠٢٦-٠٩-٢١_١٤-٥٩-٤٨_٢٠٢٦-٠٩-٢١_١٥-٢٥-٤٤.png,recording_06,300,5.0,49.381
ZED-X_SN45626933_٢٠٢٦-٠٩-٢١_١٤-٥٩-٤٨_٢٠٢٦-٠٩-٢١_١٥-٢٥-٤٥.png,recording_06,300,5.0,38.49
ZED-X_SN45626933_٢٠٢٦-٠٩-٢١_١٤-٥٩-٤٨_٢٠٢٦-٠٩-٢١_١٥-٢٥-٤٧.png,recording_06,0,0.0,40.78
ZED-X_SN45626933_٢٠٢٦-٠٩-٢١_١٥-٠١-١١_٢٠٢٦-٠٩-٢١_١٥-١٩-٤٠.png,recording_06,0,0.0,44.148
ZED-X_SN45626933_٢٠٢٦-٠٩-٢١_١٥-٠١-١١_٢٠٢٦-٠٩-٢١_١٥-١٩-٤٢.png,recording_06,0,0.0,37.388
ZED-X_SN45626933_٢٠٢٦-٠٩-٢١_١٥-٠١-١١_٢٠٢٦-٠٩-٢١_١٥-١٩-٤٣.png,recording_06,0,0.0,50.723
ZED-X_SN45626933_٢٠٢٦-٠٩-٢١_١٥-٠١-١١_٢٠٢٦-٠٩-٢١_١٥-١٩-٤٤.png,recording_06,0,0.0,48.007
ZED-X_SN45626933_٢٠٢٦-٠٩-٢١_١٥-٠١-١١_٢٠٢٦-٠٩-٢١_١٥-١٩-٤٥.png,recording_06,60,1.0,47.668
ZED-X_SN45626933_٢٠٢٦-٠٩-٢١_١٥-٠١-١١_٢٠٢٦-٠٩-٢١_١٥-١٩-٤٨.png,recording_06,0,0.0,41.376
ZED-X_SN45626933_٢٠٢٦-٠٩-٢١_١٥-٠١-١١_٢٠٢٦-٠٩-٢١_١٥-١٩-٥١.png,recording_06,180,3.0,49.848
ZED-X_SN45626933_٢٠٢٦-٠٩-٢١_١٥-٠١-١١_٢٠٢٦-٠٩-٢١_١٥-١٩-٥٣.png,recording_06,180,3.0,49.188
ZED-X_SN45626933_٢٠٢٦-٠٩-٢١_١٥-٠١-١١_٢٠٢٦-٠٩-٢١_١٥-١٩-٥٤.png,recording_06,180,3.0,45.927
ZED-X_SN45626933_٢٠٢٦-٠٩-٢١_١٥-٠١-١١_٢٠٢٦-٠٩-٢١_١٥-١٩-٥٥.png,recording_06,180,3.0,49.578
ZED-X_SN45626933_٢٠٢٦-٠٩-٢١_١٥-٠١-١١_٢٠٢٦-٠٩-٢١_١٥-١٩-٥٦.png,recording_06,300,5.0,51.421
ZED-X_SN45626933_٢٠٢٦-٠٩-٢١_١٥-٠١-١١_٢٠٢٦-٠٩-٢١_١٥-١٩-٥٧.png,recording_06,300,5.0,49.085
ZED-X_SN45626933_٢٠٢٦-٠٩-٢١_١٥-٠١-١١_٢٠٢٦-٠٩-٢١_١٥-١٩-٥٨.png,recording_06,180,3.0,45.017
ZED-X_SN45626933_٢٠٢٦-٠٩-٢١_١٥-٠١-١١_٢٠٢٦-٠٩-٢١_١٥-١٩-٥٩.png,recording_06,60,1.0,38.331
ZED-X_SN45626933_٢٠٢٦-٠٩-٢١_١٥-٠١-١١_٢٠٢٦-٠٩-٢١_١٥-٢٠-٠١.png,recording_06,240,4.0,40.494
ZED-X_SN45626933_٢٠٢٦-٠٩-٢١_١٥-٠١-١١_٢٠٢٦-٠٩-٢١_١٥-٢٠-٠٢.png,recording_06,180,3.0,39.299
ZED-X_SN45626933_٢٠٢٦-٠٩-٢١_١٥-٠١-١١_٢٠٢٦-٠٩-٢١_١٥-٢٠-٠٤.png,recording_06,180,3.0,39.434
ZED-X_SN45626933_٢٠٢٦-٠٩-٢١_١٥-٠١-١١_٢٠٢٦-٠٩-٢١_١٥-٢٠-٠٥.png,recording_06,300,5.0,42.791
ZED-X_SN45626933_٢٠٢٦-٠٩-٢١_١٥-٠١-١١_٢٠٢٦-٠٩-٢١_١٥-٢٠-٠٦.png,recording_06,240,4.0,43.492
ZED-X_SN45626933_٢٠٢٦-٠٩-٢١_١٥-٠١-١١_٢٠٢٦-٠٩-٢١_١٥-٢٠-٠٧.png,recording_06,180,3.0,46.131
ZED-X_SN45626933_٢٠٢٦-٠٩-٢١_١٥-٠١-١١_٢٠٢٦-٠٩-٢١_١٥-٢٠-٠٨.png,recording_06,180,3.0,41.752
ZED-X_SN45626933_٢٠٢٦-٠٩-٢١_١٥-٠١-١١_٢٠٢٦-٠٩-٢١_١٥-٢٠-٠٩.png,recording_06,180,3.0,41.845
ZED-X_SN45626933_٢٠٢٦-٠٩-٢١_١٥-٠١-١١_٢٠٢٦-٠٩-٢١_١٥-٢٠-١١.png,recording_06,0,0.0,45.629
ZED-X_SN45626933_٢٠٢٦-٠٩-٢١_١٥-٠٥-٥٧_٢٠٢٦-٠٩-٢١_١٥-٢١-٤١.png,recording_06,180,3.0,39.926
ZED-X_SN45626933_٢٠٢٦-٠٩-٢١_١٥-٠٥-٥٧_٢٠٢٦-٠٩-٢١_١٥-٢١-٤٤.png,recording_06,180,3.0,39.016
ZED-X_SN45626933_٢٠٢٦-٠٩-٢١_١٥-٠٥-٥٧_٢٠٢٦-٠٩-٢١_١٥-٢١-٤٥.png,recording_06,180,3.0,35.096
ZED-X_SN45626933_٢٠٢٦-٠٩-٢١_١٥-٠٥-٥٧_٢٠٢٦-٠٩-٢١_١٥-٢١-٤٦.png,recording_06,180,3.0,31.872
ZED-X_SN45626933_٢٠٢٦-٠٩-٢١_١٥-٠٥-٥٧_٢٠٢٦-٠٩-٢١_١٥-٢١-٤٨.png,recording_06,180,3.0,46.725
ZED-X_SN45626933_٢٠٢٦-٠٩-٢١_١٥-٠٥-٥٧_٢٠٢٦-٠٩-٢١_١٥-٢١-٤٩.png,recording_06,540,9.0,62.471
ZED-X_SN45626933_٢٠٢٦-٠٩-٢١_١٥-٠٥-٥٧_٢٠٢٦-٠٩-٢١_١٥-٢١-٥٠.png,recording_06,60,1.0,61.009
ZED-X_SN45626933_٢٠٢٦-٠٩-٢١_١٥-٠٥-٥٧_٢٠٢٦-٠٩-٢١_١٥-٢١-٥١.png,recording_06,240,4.0,58.664
ZED-X_SN45626933_٢٠٢٦-٠٩-٢١_١٥-٠٥-٥٧_٢٠٢٦-٠٩-٢١_١٥-٢١-٥٣.png,recording_06,540,9.0,60.725
ZED-X_SN45626933_٢٠٢٦-٠٩-٢١_١٥-٠٥-٥٧_٢٠٢٦-٠٩-٢١_١٥-٢١-٥٥.png,recording_06,60,1.0,57.612
ZED-X_SN45626933_٢٠٢٦-٠٩-٢١_١٥-٠٥-٥٧_٢٠٢٦-٠٩-٢١_١٥-٢١-٥٧.png,recording_06,120,2.0,58.175
ZED-X_SN45626933_٢٠٢٦-٠٩-٢١_١٥-٠٥-٥٧_٢٠٢٦-٠٩-٢١_١٥-٢١-٥٨.png,recording_06,180,3.0,48.251
ZED-X_SN45626933_٢٠٢٦-٠٩-٢١_١٥-٠٥-٥٧_٢٠٢٦-٠٩-٢١_١٥-٢٢-٠٢.png,recording_06,120,2.0,40.377
ZED-X_SN45626933_٢٠٢٦-٠٩-٢١_١٥-٠٥-٥٧_٢٠٢٦-٠٩-٢١_١٥-٢٢-٠٤.png,recording_06,180,3.0,44.19
ZED-X_SN45626933_٢٠٢٦-٠٩-٢١_١٥-٠٥-٥٧_٢٠٢٦-٠٩-٢١_١٥-٢٢-٠٧.png,recording_06,180,3.0,39.912
ZED-X_SN45626933_٢٠٢٦-٠٩-٢١_١٥-٠٥-٥٧_٢٠٢٦-٠٩-٢١_١٥-٢٢-٠٩.png,recording_06,120,2.0,48.054
ZED-X_SN45626933_٢٠٢٦-٠٩-٢١_١٥-٠٥-٥٧_٢٠٢٦-٠٩-٢١_١٥-٢٢-١١.png,recording_06,0,0.0,47.074
ZED-X_SN45626933_٢٠٢٦-٠٩-٢١_١٥-٠٥-٥٧_٢٠٢٦-٠٩-٢١_١٥-٢٢-١٤.png,recording_06,180,3.0,54.902
ZED-X_SN45626933_٢٠٢٦-٠٩-٢١_١٥-٠٥-٥٧_٢٠٢٦-٠٩-٢١_١٥-٢٢-١٥.png,recording_06,180,3.0,57.661
ZED-X_SN45626933_٢٠٢٦-٠٩-٢١_١٥-٠٥-٥٧_٢٠٢٦-٠٩-٢١_١٥-٢٢-١٩.png,recording_06,360,6.0,54.934
ZED-X_SN45626933_٢٠٢٦-٠٩-٢١_١٥-٠٥-٥٧_٢٠٢٦-٠٩-٢١_١٥-٢٢-٢٠.png,recording_06,180,3.0,50.932
ZED-X_SN45626933_٢٠٢٦-٠٩-٢١_١٥-٠٥-٥٧_٢٠٢٦-٠٩-٢١_١٥-٢٢-٢٢.png,recording_06,180,3.0,39.791
ZED-X_SN45626933_٢٠٢٦-٠٩-٢١_١٥-٠٥-٥٧_٢٠٢٦-٠٩-٢١_١٥-٢٢-٢٥.png,recording_06,60,1.0,41.157
ZED-X_SN45626933_٢٠٢٦-٠٩-٢١_١٥-٠٥-٥٧_٢٠٢٦-٠٩-٢١_١٥-٢٢-٢٧.png,recording_06,300,5.0,39.998
ZED-X_SN45626933_٢٠٢٦-٠٩-٢١_١٥-٠٥-٥٧_٢٠٢٦-٠٩-٢١_١٥-٢٢-٣٠.png,recording_06,300,5.0,38.516
ZED-X_SN45626933_٢٠٢٦-٠٩-٢١_١٥-٠٥-٥٧_٢٠٢٦-٠٩-٢١_١٥-٢٢-٣١.png,recording_06,360,6.0,38.649
ZED-X_SN45626933_٢٠٢٦-٠٩-٢١_١٥-٠٥-٥٧_٢٠٢٦-٠٩-٢١_١٥-٢٢-٣٥.png,recording_06,420,7.0,60.013
ZED-X_SN45626933_٢٠٢٦-٠٩-٢١_١٥-١٠-٣٥_٢٠٢٦-٠٩-٢١_١٥-٢٠-٥٤.png,recording_06,60,1.0,41.965
ZED-X_SN45626933_٢٠٢٦-٠٩-٢١_١٥-١٠-٣٥_٢٠٢٦-٠٩-٢١_١٥-٢٠-٥٧.png,recording_06,180,3.0,37.233
ZED-X_SN45626933_٢٠٢٦-٠٩-٢١_١٥-١٠-٣٥_٢٠٢٦-٠٩-٢١_١٥-٢٠-٥٩.png,recording_06,180,3.0,31.874
ZED-X_SN45626933_٢٠٢٦-٠٩-٢١_١٥-١٠-٣٥_٢٠٢٦-٠٩-٢١_١٥-٢١-٠١.png,recording_06,180,3.0,31.668
ZED-X_SN45626933_٢٠٢٦-٠٩-٢١_١٥-١٠-٣٥_٢٠٢٦-٠٩-٢١_١٥-٢١-٠٢.png,recording_06,180,3.0,31.188
ZED-X_SN45626933_٢٠٢٦-٠٩-٢١_١٥-١٠-٣٥_٢٠٢٦-٠٩-٢١_١٥-٢١-٠٦.png,recording_06,180,3.0,40.658
ZED-X_SN45626933_٢٠٢٦-٠٩-٢١_١٥-١٠-٣٥_٢٠٢٦-٠٩-٢١_١٥-٢١-٠٨.png,recording_06,60,1.0,37.418
ZED-X_SN45626933_٢٠٢٦-٠٩-٢١_١٥-١٠-٣٥_٢٠٢٦-٠٩-٢١_١٥-٢١-١٠.png,recording_06,60,1.0,40.772
ZED-X_SN45626933_٢٠٢٦-٠٩-٢١_١٥-١٠-٣٥_٢٠٢٦-٠٩-٢١_١٥-٢١-١٢.png,recording_06,180,3.0,41.392
ZED-X_SN45626933_٢٠٢٦-٠٩-٢١_١٥-١٠-٣٥_٢٠٢٦-٠٩-٢١_١٥-٢١-١٦.png,recording_06,0,0.0,51.11
ZED-X_SN45626933_٢٠٢٦-٠٩-٢١_١٥-١٠-٣٥_٢٠٢٦-٠٩-٢١_١٥-٢١-١٩.png,recording_06,180,3.0,46.375
ZED-X_SN45626933_٢٠٢٦-٠٩-٢١_١٤-٥٦-٤٧_٢٠٢٦-٠٩-٢١_١٥-٢٣-١٣.png,recording_07,1620,27.0,31.164
ZED-X_SN45626933_٢٠٢٦-٠٩-٢١_١٤-٥٦-٤٧_٢٠٢٦-٠٩-٢١_١٥-٢٣-١٤.png,recording_07,1620,27.0,30.861
ZED-X_SN45626933_٢٠٢٦-٠٩-٢١_١٤-٥٦-٤٧_٢٠٢٦-٠٩-٢١_١٥-٢٣-١٦.png,recording_07,1800,30.0,37.597
ZED-X_SN45626933_٢٠٢٦-٠٩-٢١_١٤-٥٦-٤٧_٢٠٢٦-٠٩-٢١_١٥-٢٣-١٨.png,recording_07,1560,26.0,38.786
ZED-X_SN45626933_٢٠٢٦-٠٩-٢١_١٤-٥٦-٤٧_٢٠٢٦-٠٩-٢١_١٥-٢٣-٢٢.png,recording_07,3600,60.0,59.098
ZED-X_SN45626933_٢٠٢٦-٠٩-٢١_١٤-٥٦-٤٧_٢٠٢٦-٠٩-٢١_١٥-٢٣-٢٤.png,recording_07,1260,21.0,60.547
ZED-X_SN45626933_٢٠٢٦-٠٩-٢١_١٤-٥٦-٤٧_٢٠٢٦-٠٩-٢١_١٥-٢٣-٢٦.png,recording_07,1260,21.0,60.06
ZED-X_SN45626933_٢٠٢٦-٠٩-٢١_١٤-٥٨-١٤_٢٠٢٦-٠٩-٢١_١٥-٢٤-٠٥.png,recording_07,3420,57.0,53.118
ZED-X_SN45626933_٢٠٢٦-٠٩-٢١_١٤-٥٨-١٤_٢٠٢٦-٠٩-٢١_١٥-٢٤-٠٧.png,recording_07,3420,57.0,53.118
ZED-X_SN45626933_٢٠٢٦-٠٩-٢١_١٤-٥٨-١٤_٢٠٢٦-٠٩-٢١_١٥-٢٤-١٤.png,recording_07,3480,58.0,53.046
ZED-X_SN45626933_٢٠٢٦-٠٩-٢١_١٤-٥٨-١٤_٢٠٢٦-٠٩-٢١_١٥-٢٤-١٦.png,recording_07,3540,59.0,53.675
ZED-X_SN45626933_٢٠٢٦-٠٩-٢١_١٤-٥٨-١٤_٢٠٢٦-٠٩-٢١_١٥-٢٤-١٧.png,recording_07,3540,59.0,54.308
ZED-X_SN45626933_٢٠٢٦-٠٩-٢١_١٤-٥٨-١٤_٢٠٢٦-٠٩-٢١_١٥-٢٤-٢٠.png,recording_07,1920,32.0,48.358
ZED-X_SN45626933_٢٠٢٦-٠٩-٢١_١٤-٥٨-١٤_٢٠٢٦-٠٩-٢١_١٥-٢٤-٢٢.png,recording_07,1980,33.0,36.95
ZED-X_SN45626933_٢٠٢٦-٠٩-٢١_١٤-٥٨-١٤_٢٠٢٦-٠٩-٢١_١٥-٢٤-٢٤.png,recording_07,1980,33.0,40.262
ZED-X_SN45626933_٢٠٢٦-٠٩-٢١_١٤-٥٨-١٤_٢٠٢٦-٠٩-٢١_١٥-٢٤-٢٥.png,recording_07,2220,37.0,42.801
ZED-X_SN45626933_٢٠٢٦-٠٩-٢١_١٤-٥٨-١٤_٢٠٢٦-٠٩-٢١_١٥-٢٤-٢٧.png,recording_07,2040,34.0,38.355
ZED-X_SN45626933_٢٠٢٦-٠٩-٢١_١٤-٥٨-١٤_٢٠٢٦-٠٩-٢١_١٥-٢٤-٣١.png,recording_07,0,0.0,51.293
ZED-X_SN45626933_٢٠٢٦-٠٩-٢١_١٤-٥٨-١٤_٢٠٢٦-٠٩-٢١_١٥-٢٤-٣٣.png,recording_07,2220,37.0,58.491
ZED-X_SN45626933_٢٠٢٦-٠٩-٢١_١٤-٥٨-١٤_٢٠٢٦-٠٩-٢١_١٥-٢٤-٤٣.png,recording_07,1920,32.0,50.758
ZED-X_SN45626933_٢٠٢٦-٠٩-٢١_١٤-٥٨-١٤_٢٠٢٦-٠٩-٢١_١٥-٢٤-٤٦.png,recording_07,1980,33.0,40.817
ZED-X_SN45626933_٢٠٢٦-٠٩-٢١_١٤-٥٨-١٤_٢٠٢٦-٠٩-٢١_١٥-٢٤-٤٨.png,recording_07,2220,37.0,40.262
ZED-X_SN45626933_٢٠٢٦-٠٩-٢١_١٤-٥٩-٤٨_٢٠٢٦-٠٩-٢١_١٥-٢٥-٢٤.png,recording_07,2220,37.0,58.25
ZED-X_SN45626933_٢٠٢٦-٠٩-٢١_١٤-٥٩-٤٨_٢٠٢٦-٠٩-٢١_١٥-٢٥-٢٧.png,recording_07,780,13.0,59.759
ZED-X_SN45626933_٢٠٢٦-٠٩-٢١_١٤-٥٩-٤٨_٢٠٢٦-٠٩-٢١_١٥-٢٥-٣٢.png,recording_07,1260,21.0,41.822
ZED-X_SN45626933_٢٠٢٦-٠٩-٢١_١٤-٥٩-٤٨_٢٠٢٦-٠٩-٢١_١٥-٢٥-٣٤.png,recording_07,0,0.0,44.485
ZED-X_SN45626933_٢٠٢٦-٠٩-٢١_١٤-٥٩-٤٨_٢٠٢٦-٠٩-٢١_١٥-٢٥-٣٥.png,recording_07,1920,32.0,47.353
ZED-X_SN45626933_٢٠٢٦-٠٩-٢١_١٤-٥٩-٤٨_٢٠٢٦-٠٩-٢١_١٥-٢٥-٣٧.png,recording_07,1860,31.0,54.571
ZED-X_SN45626933_٢٠٢٦-٠٩-٢١_١٤-٥٩-٤٨_٢٠٢٦-٠٩-٢١_١٥-٢٥-٣٩.png,recording_07,3480,58.0,50.539
ZED-X_SN45626933_٢٠٢٦-٠٩-٢١_١٤-٥٩-٤٨_٢٠٢٦-٠٩-٢١_١٥-٢٥-٤٤.png,recording_07,0,0.0,41.326
ZED-X_SN45626933_٢٠٢٦-٠٩-٢١_١٤-٥٩-٤٨_٢٠٢٦-٠٩-٢١_١٥-٢٥-٤٥.png,recording_07,2760,46.0,33.093
ZED-X_SN45626933_٢٠٢٦-٠٩-٢١_١٤-٥٩-٤٨_٢٠٢٦-٠٩-٢١_١٥-٢٥-٤٧.png,recording_07,1560,26.0,36.287
ZED-X_SN45626933_٢٠٢٦-٠٩-٢١_١٥-٠١-١١_٢٠٢٦-٠٩-٢١_١٥-١٩-٤٠.png,recording_07,1920,32.0,31.428
ZED-X_SN45626933_٢٠٢٦-٠٩-٢١_١٥-٠١-١١_٢٠٢٦-٠٩-٢١_١٥-١٩-٤٢.png,recording_07,1560,26.0,31.22
ZED-X_SN45626933_٢٠٢٦-٠٩-٢١_١٥-٠١-١١_٢٠٢٦-٠٩-٢١_١٥-١٩-٤٣.png,recording_07,1980,33.0,32.961
ZED-X_SN45626933_٢٠٢٦-٠٩-٢١_١٥-٠١-١١_٢٠٢٦-٠٩-٢١_١٥-١٩-٤٤.png,recording_07,1980,33.0,33.93
ZED-X_SN45626933_٢٠٢٦-٠٩-٢١_١٥-٠١-١١_٢٠٢٦-٠٩-٢١_١٥-١٩-٤٥.png,recording_07,1980,33.0,34.487
ZED-X_SN45626933_٢٠٢٦-٠٩-٢١_١٥-٠١-١١_٢٠٢٦-٠٩-٢١_١٥-١٩-٤٨.png,recording_07,1980,33.0,35.226
ZED-X_SN45626933_٢٠٢٦-٠٩-٢١_١٥-٠١-١١_٢٠٢٦-٠٩-٢١_١٥-١٩-٥١.png,recording_07,240,4.0,28.552
ZED-X_SN45626933_٢٠٢٦-٠٩-٢١_١٥-٠١-١١_٢٠٢٦-٠٩-٢١_١٥-١٩-٥٣.png,recording_07,240,4.0,29.35
ZED-X_SN45626933_٢٠٢٦-٠٩-٢١_١٥-٠١-١١_٢٠٢٦-٠٩-٢١_١٥-١٩-٥٤.png,recording_07,240,4.0,32.04
ZED-X_SN45626933_٢٠٢٦-٠٩-٢١_١٥-٠١-١١_٢٠٢٦-٠٩-٢١_١٥-١٩-٥٥.png,recording_07,2700,45.0,31.559
ZED-X_SN45626933_٢٠٢٦-٠٩-٢١_١٥-٠١-١١_٢٠٢٦-٠٩-٢١_١٥-١٩-٥٦.png,recording_07,2520,42.0,35.148
ZED-X_SN45626933_٢٠٢٦-٠٩-٢١_١٥-٠١-١١_٢٠٢٦-٠٩-٢١_١٥-١٩-٥٧.png,recording_07,2520,42.0,35.642
ZED-X_SN45626933_٢٠٢٦-٠٩-٢١_١٥-٠١-١١_٢٠٢٦-٠٩-٢١_١٥-١٩-٥٨.png,recording_07,2580,43.0,32.698
ZED-X_SN45626933_٢٠٢٦-٠٩-٢١_١٥-٠١-١١_٢٠٢٦-٠٩-٢١_١٥-١٩-٥٩.png,recording_07,1560,26.0,31.193
ZED-X_SN45626933_٢٠٢٦-٠٩-٢١_١٥-٠١-١١_٢٠٢٦-٠٩-٢١_١٥-٢٠-٠١.png,recording_07,120,2.0,31.822
ZED-X_SN45626933_٢٠٢٦-٠٩-٢١_١٥-٠١-١١_٢٠٢٦-٠٩-٢١_١٥-٢٠-٠٢.png,recording_07,120,2.0,30.602
ZED-X_SN45626933_٢٠٢٦-٠٩-٢١_١٥-٠١-١١_٢٠٢٦-٠٩-٢١_١٥-٢٠-٠٤.png,recording_07,300,5.0,33.67
ZED-X_SN45626933_٢٠٢٦-٠٩-٢١_١٥-٠١-١١_٢٠٢٦-٠٩-٢١_١٥-٢٠-٠٥.png,recording_07,2760,46.0,34.222
ZED-X_SN45626933_٢٠٢٦-٠٩-٢١_١٥-٠١-١١_٢٠٢٦-٠٩-٢١_١٥-٢٠-٠٦.png,recording_07,2580,43.0,39.435
ZED-X_SN45626933_٢٠٢٦-٠٩-٢١_١٥-٠١-١١_٢٠٢٦-٠٩-٢١_١٥-٢٠-٠٧.png,recording_07,2700,45.0,40.484
ZED-X_SN45626933_٢٠٢٦-٠٩-٢١_١٥-٠١-١١_٢٠٢٦-٠٩-٢١_١٥-٢٠-٠٨.png,recording_07,1680,28.0,32.841
ZED-X_SN45626933_٢٠٢٦-٠٩-٢١_١٥-٠١-١١_٢٠٢٦-٠٩-٢١_١٥-٢٠-٠٩.png,recording_07,360,6.0,30.837
ZED-X_SN45626933_٢٠٢٦-٠٩-٢١_١٥-٠١-١١_٢٠٢٦-٠٩-٢١_١٥-٢٠-١١.png,recording_07,1860,31.0,33.729
ZED-X_SN45626933_٢٠٢٦-٠٩-٢١_١٥-٠٥-٥٧_٢٠٢٦-٠٩-٢١_١٥-٢١-٤١.png,recording_07,180,3.0,11.605
ZED-X_SN45626933_٢٠٢٦-٠٩-٢١_١٥-٠٥-٥٧_٢٠٢٦-٠٩-٢١_١٥-٢١-٤٤.png,recording_07,360,6.0,16.42
ZED-X_SN45626933_٢٠٢٦-٠٩-٢١_١٥-٠٥-٥٧_٢٠٢٦-٠٩-٢١_١٥-٢١-٤٥.png,recording_07,420,7.0,28.073
ZED-X_SN45626933_٢٠٢٦-٠٩-٢١_١٥-٠٥-٥٧_٢٠٢٦-٠٩-٢١_١٥-٢١-٤٦.png,recording_07,480,8.0,16.767
ZED-X_SN45626933_٢٠٢٦-٠٩-٢١_١٥-٠٥-٥٧_٢٠٢٦-٠٩-٢١_١٥-٢١-٤٨.png,recording_07,540,9.0,18.051
ZED-X_SN45626933_٢٠٢٦-٠٩-٢١_١٥-٠٥-٥٧_٢٠٢٦-٠٩-٢١_١٥-٢١-٤٩.png,recording_07,600,10.0,20.971
ZED-X_SN45626933_٢٠٢٦-٠٩-٢١_١٥-٠٥-٥٧_٢٠٢٦-٠٩-٢١_١٥-٢١-٥٠.png,recording_07,660,11.0,22.215
ZED-X_SN45626933_٢٠٢٦-٠٩-٢١_١٥-٠٥-٥٧_٢٠٢٦-٠٩-٢١_١٥-٢١-٥١.png,recording_07,720,12.0,22.57
ZED-X_SN45626933_٢٠٢٦-٠٩-٢١_١٥-٠٥-٥٧_٢٠٢٦-٠٩-٢١_١٥-٢١-٥٣.png,recording_07,660,11.0,33.555
ZED-X_SN45626933_٢٠٢٦-٠٩-٢١_١٥-٠٥-٥٧_٢٠٢٦-٠٩-٢١_١٥-٢١-٥٥.png,recording_07,900,15.0,26.218
ZED-X_SN45626933_٢٠٢٦-٠٩-٢١_١٥-٠٥-٥٧_٢٠٢٦-٠٩-٢١_١٥-٢١-٥٧.png,recording_07,1020,17.0,20.822
ZED-X_SN45626933_٢٠٢٦-٠٩-٢١_١٥-٠٥-٥٧_٢٠٢٦-٠٩-٢١_١٥-٢١-٥٨.png,recording_07,1140,19.0,16.874
ZED-X_SN45626933_٢٠٢٦-٠٩-٢١_١٥-٠٥-٥٧_٢٠٢٦-٠٩-٢١_١٥-٢٢-٠٢.png,recording_07,1380,23.0,14.296
ZED-X_SN45626933_٢٠٢٦-٠٩-٢١_١٥-٠٥-٥٧_٢٠٢٦-٠٩-٢١_١٥-٢٢-٠٤.png,recording_07,1500,25.0,9.953
ZED-X_SN45626933_٢٠٢٦-٠٩-٢١_١٥-٠٥-٥٧_٢٠٢٦-٠٩-٢١_١٥-٢٢-٠٧.png,recording_07,1680,28.0,9.882
ZED-X_SN45626933_٢٠٢٦-٠٩-٢١_١٥-٠٥-٥٧_٢٠٢٦-٠٩-٢١_١٥-٢٢-٠٩.png,recording_07,1800,30.0,14.438
ZED-X_SN45626933_٢٠٢٦-٠٩-٢١_١٥-٠٥-٥٧_٢٠٢٦-٠٩-٢١_١٥-٢٢-١١.png,recording_07,1860,31.0,17.487
ZED-X_SN45626933_٢٠٢٦-٠٩-٢١_١٥-٠٥-٥٧_٢٠٢٦-٠٩-٢١_١٥-٢٢-١٤.png,recording_07,2100,35.0,16.023
ZED-X_SN45626933_٢٠٢٦-٠٩-٢١_١٥-٠٥-٥٧_٢٠٢٦-٠٩-٢١_١٥-٢٢-١٥.png,recording_07,2160,36.0,20.327
ZED-X_SN45626933_٢٠٢٦-٠٩-٢١_١٥-٠٥-٥٧_٢٠٢٦-٠٩-٢١_١٥-٢٢-١٩.png,recording_07,2400,40.0,31.753
ZED-X_SN45626933_٢٠٢٦-٠٩-٢١_١٥-٠٥-٥٧_٢٠٢٦-٠٩-٢١_١٥-٢٢-٢٠.png,recording_07,2460,41.0,18.045
ZED-X_SN45626933_٢٠٢٦-٠٩-٢١_١٥-٠٥-٥٧_٢٠٢٦-٠٩-٢١_١٥-٢٢-٢٢.png,recording_07,2580,43.0,22.019
ZED-X_SN45626933_٢٠٢٦-٠٩-٢١_١٥-٠٥-٥٧_٢٠٢٦-٠٩-٢١_١٥-٢٢-٢٥.png,recording_07,2760,46.0,12.379
ZED-X_SN45626933_٢٠٢٦-٠٩-٢١_١٥-٠٥-٥٧_٢٠٢٦-٠٩-٢١_١٥-٢٢-٢٧.png,recording_07,2880,48.0,26.329
ZED-X_SN45626933_٢٠٢٦-٠٩-٢١_١٥-٠٥-٥٧_٢٠٢٦-٠٩-٢١_١٥-٢٢-٣٠.png,recording_07,3060,51.0,16.04
ZED-X_SN45626933_٢٠٢٦-٠٩-٢١_١٥-٠٥-٥٧_٢٠٢٦-٠٩-٢١_١٥-٢٢-٣١.png,recording_07,3120,52.0,12.096
ZED-X_SN45626933_٢٠٢٦-٠٩-٢١_١٥-٠٥-٥٧_٢٠٢٦-٠٩-٢١_١٥-٢٢-٣٥.png,recording_07,3360,56.0,14.254
ZED-X_SN45626933_٢٠٢٦-٠٩-٢١_١٥-١٠-٣٥_٢٠٢٦-٠٩-٢١_١٥-٢٠-٥٤.png,recording_07,2580,43.0,26.166
ZED-X_SN45626933_٢٠٢٦-٠٩-٢١_١٥-١٠-٣٥_٢٠٢٦-٠٩-٢١_١٥-٢٠-٥٧.png,recording_07,2580,43.0,27.042
ZED-X_SN45626933_٢٠٢٦-٠٩-٢١_١٥-١٠-٣٥_٢٠٢٦-٠٩-٢١_١٥-٢٠-٥٩.png,recording_07,420,7.0,29.177
ZED-X_SN45626933_٢٠٢٦-٠٩-٢١_١٥-١٠-٣٥_٢٠٢٦-٠٩-٢١_١٥-٢١-٠١.png,recording_07,420,7.0,31.966
ZED-X_SN45626933_٢٠٢٦-٠٩-٢١_١٥-١٠-٣٥_٢٠٢٦-٠٩-٢١_١٥-٢١-٠٢.png,recording_07,480,8.0,31.635
ZED-X_SN45626933_٢٠٢٦-٠٩-٢١_١٥-١٠-٣٥_٢٠٢٦-٠٩-٢١_١٥-٢١-٠٦.png,recording_07,360,6.0,31.494
ZED-X_SN45626933_٢٠٢٦-٠٩-٢١_١٥-١٠-٣٥_٢٠٢٦-٠٩-٢١_١٥-٢١-٠٨.png,recording_07,2640,44.0,23.659
ZED-X_SN45626933_٢٠٢٦-٠٩-٢١_١٥-١٠-٣٥_٢٠٢٦-٠٩-٢١_١٥-٢١-١٠.png,recording_07,1860,31.0,24.538
ZED-X_SN45626933_٢٠٢٦-٠٩-٢١_١٥-١٠-٣٥_٢٠٢٦-٠٩-٢١_١٥-٢١-١٢.png,recording_07,1500,25.0,30.672
ZED-X_SN45626933_٢٠٢٦-٠٩-٢١_١٥-١٠-٣٥_٢٠٢٦-٠٩-٢١_١٥-٢١-١٦.png,recording_07,1860,31.0,27.788
ZED-X_SN45626933_٢٠٢٦-٠٩-٢١_١٥-١٠-٣٥_٢٠٢٦-٠٩-٢١_١٥-٢١-١٩.png,recording_07,2040,34.0,32.968
ZED-X_SN45626933_٢٠٢٦-٠٩-٢١_١٤-٥٦-٤٧_٢٠٢٦-٠٩-٢١_١٥-٢٣-١٣.png,recording_08,780,13.0,29.417
ZED-X_SN45626933_٢٠٢٦-٠٩-٢١_١٤-٥٦-٤٧_٢٠٢٦-٠٩-٢١_١٥-٢٣-١٤.png,recording_08,840,14.0,31.581
ZED-X_SN45626933_٢٠٢٦-٠٩-٢١_١٤-٥٦-٤٧_٢٠٢٦-٠٩-٢١_١٥-٢٣-١٦.png,recording_08,900,15.0,39.392
ZED-X_SN45626933_٢٠٢٦-٠٩-٢١_١٤-٥٦-٤٧_٢٠٢٦-٠٩-٢١_١٥-٢٣-١٨.png,recording_08,780,13.0,41.186
ZED-X_SN45626933_٢٠٢٦-٠٩-٢١_١٤-٥٦-٤٧_٢٠٢٦-٠٩-٢١_١٥-٢٣-٢٢.png,recording_08,660,11.0,69.475
ZED-X_SN45626933_٢٠٢٦-٠٩-٢١_١٤-٥٦-٤٧_٢٠٢٦-٠٩-٢١_١٥-٢٣-٢٤.png,recording_08,1020,17.0,61.663
ZED-X_SN45626933_٢٠٢٦-٠٩-٢١_١٤-٥٦-٤٧_٢٠٢٦-٠٩-٢١_١٥-٢٣-٢٦.png,recording_08,1020,17.0,63.134
ZED-X_SN45626933_٢٠٢٦-٠٩-٢١_١٤-٥٨-١٤_٢٠٢٦-٠٩-٢١_١٥-٢٤-٠٥.png,recording_08,780,13.0,76.667
ZED-X_SN45626933_٢٠٢٦-٠٩-٢١_١٤-٥٨-١٤_٢٠٢٦-٠٩-٢١_١٥-٢٤-٠٧.png,recording_08,780,13.0,76.667
ZED-X_SN45626933_٢٠٢٦-٠٩-٢١_١٤-٥٨-١٤_٢٠٢٦-٠٩-٢١_١٥-٢٤-١٤.png,recording_08,840,14.0,60.276
ZED-X_SN45626933_٢٠٢٦-٠٩-٢١_١٤-٥٨-١٤_٢٠٢٦-٠٩-٢١_١٥-٢٤-١٦.png,recording_08,1260,21.0,59.808
ZED-X_SN45626933_٢٠٢٦-٠٩-٢١_١٤-٥٨-١٤_٢٠٢٦-٠٩-٢١_١٥-٢٤-١٧.png,recording_08,1260,21.0,56.226
ZED-X_SN45626933_٢٠٢٦-٠٩-٢١_١٤-٥٨-١٤_٢٠٢٦-٠٩-٢١_١٥-٢٤-٢٠.png,recording_08,1260,21.0,49.485
ZED-X_SN45626933_٢٠٢٦-٠٩-٢١_١٤-٥٨-١٤_٢٠٢٦-٠٩-٢١_١٥-٢٤-٢٢.png,recording_08,1320,22.0,34.967
ZED-X_SN45626933_٢٠٢٦-٠٩-٢١_١٤-٥٨-١٤_٢٠٢٦-٠٩-٢١_١٥-٢٤-٢٤.png,recording_08,900,15.0,40.152
ZED-X_SN45626933_٢٠٢٦-٠٩-٢١_١٤-٥٨-١٤_٢٠٢٦-٠٩-٢١_١٥-٢٤-٢٥.png,recording_08,900,15.0,42.456
ZED-X_SN45626933_٢٠٢٦-٠٩-٢١_١٤-٥٨-١٤_٢٠٢٦-٠٩-٢١_١٥-٢٤-٢٧.png,recording_08,1380,23.0,36.248
ZED-X_SN45626933_٢٠٢٦-٠٩-٢١_١٤-٥٨-١٤_٢٠٢٦-٠٩-٢١_١٥-٢٤-٣١.png,recording_08,780,13.0,64.953
ZED-X_SN45626933_٢٠٢٦-٠٩-٢١_١٤-٥٨-١٤_٢٠٢٦-٠٩-٢١_١٥-٢٤-٣٣.png,recording_08,600,10.0,69.363
ZED-X_SN45626933_٢٠٢٦-٠٩-٢١_١٤-٥٨-١٤_٢٠٢٦-٠٩-٢١_١٥-٢٤-٤٣.png,recording_08,1200,20.0,54.458
ZED-X_SN45626933_٢٠٢٦-٠٩-٢١_١٤-٥٨-١٤_٢٠٢٦-٠٩-٢١_١٥-٢٤-٤٦.png,recording_08,1380,23.0,39.927
ZED-X_SN45626933_٢٠٢٦-٠٩-٢١_١٤-٥٨-١٤_٢٠٢٦-٠٩-٢١_١٥-٢٤-٤٨.png,recording_08,900,15.0,42.118
ZED-X_SN45626933_٢٠٢٦-٠٩-٢١_١٤-٥٩-٤٨_٢٠٢٦-٠٩-٢١_١٥-٢٥-٢٤.png,recording_08,600,10.0,69.042
ZED-X_SN45626933_٢٠٢٦-٠٩-٢١_١٤-٥٩-٤٨_٢٠٢٦-٠٩-٢١_١٥-٢٥-٢٧.png,recording_08,720,12.0,72.816
ZED-X_SN45626933_٢٠٢٦-٠٩-٢١_١٤-٥٩-٤٨_٢٠٢٦-٠٩-٢١_١٥-٢٥-٣٢.png,recording_08,720,12.0,48.94
ZED-X_SN45626933_٢٠٢٦-٠٩-٢١_١٤-٥٩-٤٨_٢٠٢٦-٠٩-٢١_١٥-٢٥-٣٤.png,recording_08,840,14.0,47.216
ZED-X_SN45626933_٢٠٢٦-٠٩-٢١_١٤-٥٩-٤٨_٢٠٢٦-٠٩-٢١_١٥-٢٥-٣٥.png,recording_08,1260,21.0,47.561
ZED-X_SN45626933_٢٠٢٦-٠٩-٢١_١٤-٥٩-٤٨_٢٠٢٦-٠٩-٢١_١٥-٢٥-٣٧.png,recording_08,900,15.0,52.95
ZED-X_SN45626933_٢٠٢٦-٠٩-٢١_١٤-٥٩-٤٨_٢٠٢٦-٠٩-٢١_١٥-٢٥-٣٩.png,recording_08,1080,18.0,81.183
ZED-X_SN45626933_٢٠٢٦-٠٩-٢١_١٤-٥٩-٤٨_٢٠٢٦-٠٩-٢١_١٥-٢٥-٤٤.png,recording_08,780,13.0,52.585
ZED-X_SN45626933_٢٠٢٦-٠٩-٢١_١٤-٥٩-٤٨_٢٠٢٦-٠٩-٢١_١٥-٢٥-٤٥.png,recording_08,720,12.0,36.214
ZED-X_SN45626933_٢٠٢٦-٠٩-٢١_١٤-٥٩-٤٨_٢٠٢٦-٠٩-٢١_١٥-٢٥-٤٧.png,recording_08,780,13.0,38.009
ZED-X_SN45626933_٢٠٢٦-٠٩-٢١_١٥-٠١-١١_٢٠٢٦-٠٩-٢١_١٥-١٩-٤٠.png,recording_08,900,15.0,32.305
ZED-X_SN45626933_٢٠٢٦-٠٩-٢١_١٥-٠١-١١_٢٠٢٦-٠٩-٢١_١٥-١٩-٤٢.png,recording_08,900,15.0,34.032
ZED-X_SN45626933_٢٠٢٦-٠٩-٢١_١٥-٠١-١١_٢٠٢٦-٠٩-٢١_١٥-١٩-٤٣.png,recording_08,900,15.0,36.786
ZED-X_SN45626933_٢٠٢٦-٠٩-٢١_١٥-٠١-١١_٢٠٢٦-٠٩-٢١_١٥-١٩-٤٤.png,recording_08,1260,21.0,34.365
ZED-X_SN45626933_٢٠٢٦-٠٩-٢١_١٥-٠١-١١_٢٠٢٦-٠٩-٢١_١٥-١٩-٤٥.png,recording_08,1260,21.0,34.894
ZED-X_SN45626933_٢٠٢٦-٠٩-٢١_١٥-٠١-١١_٢٠٢٦-٠٩-٢١_١٥-١٩-٤٨.png,recording_08,1260,21.0,36.132
ZED-X_SN45626933_٢٠٢٦-٠٩-٢١_١٥-٠١-١١_٢٠٢٦-٠٩-٢١_١٥-١٩-٥١.png,recording_08,1380,23.0,29.406
ZED-X_SN45626933_٢٠٢٦-٠٩-٢١_١٥-٠١-١١_٢٠٢٦-٠٩-٢١_١٥-١٩-٥٣.png,recording_08,720,12.0,26.89
ZED-X_SN45626933_٢٠٢٦-٠٩-٢١_١٥-٠١-١١_٢٠٢٦-٠٩-٢١_١٥-١٩-٥٤.png,recording_08,720,12.0,29.207
ZED-X_SN45626933_٢٠٢٦-٠٩-٢١_١٥-٠١-١١_٢٠٢٦-٠٩-٢١_١٥-١٩-٥٥.png,recording_08,720,12.0,32.411
ZED-X_SN45626933_٢٠٢٦-٠٩-٢١_١٥-٠١-١١_٢٠٢٦-٠٩-٢١_١٥-١٩-٥٦.png,recording_08,840,14.0,37.795
ZED-X_SN45626933_٢٠٢٦-٠٩-٢١_١٥-٠١-١١_٢٠٢٦-٠٩-٢١_١٥-١٩-٥٧.png,recording_08,720,12.0,35.074
ZED-X_SN45626933_٢٠٢٦-٠٩-٢١_١٥-٠١-١١_٢٠٢٦-٠٩-٢١_١٥-١٩-٥٨.png,recording_08,840,14.0,33.087
ZED-X_SN45626933_٢٠٢٦-٠٩-٢١_١٥-٠١-١١_٢٠٢٦-٠٩-٢١_١٥-١٩-٥٩.png,recording_08,120,2.0,32.097
ZED-X_SN45626933_٢٠٢٦-٠٩-٢١_١٥-٠١-١١_٢٠٢٦-٠٩-٢١_١٥-٢٠-٠١.png,recording_08,180,3.0,30.851
ZED-X_SN45626933_٢٠٢٦-٠٩-٢١_١٥-٠١-١١_٢٠٢٦-٠٩-٢١_١٥-٢٠-٠٢.png,recording_08,180,3.0,28.05
ZED-X_SN45626933_٢٠٢٦-٠٩-٢١_١٥-٠١-١١_٢٠٢٦-٠٩-٢١_١٥-٢٠-٠٤.png,recording_08,180,3.0,30.653
ZED-X_SN45626933_٢٠٢٦-٠٩-٢١_١٥-٠١-١١_٢٠٢٦-٠٩-٢١_١٥-٢٠-٠٥.png,recording_08,720,12.0,33.444
ZED-X_SN45626933_٢٠٢٦-٠٩-٢١_١٥-٠١-١١_٢٠٢٦-٠٩-٢١_١٥-٢٠-٠٦.png,recording_08,720,12.0,38.728
ZED-X_SN45626933_٢٠٢٦-٠٩-٢١_١٥-٠١-١١_٢٠٢٦-٠٩-٢١_١٥-٢٠-٠٧.png,recording_08,720,12.0,38.216
ZED-X_SN45626933_٢٠٢٦-٠٩-٢١_١٥-٠١-١١_٢٠٢٦-٠٩-٢١_١٥-٢٠-٠٨.png,recording_08,240,4.0,35.152
ZED-X_SN45626933_٢٠٢٦-٠٩-٢١_١٥-٠١-١١_٢٠٢٦-٠٩-٢١_١٥-٢٠-٠٩.png,recording_08,720,12.0,31.792
ZED-X_SN45626933_٢٠٢٦-٠٩-٢١_١٥-٠١-١١_٢٠٢٦-٠٩-٢١_١٥-٢٠-١١.png,recording_08,900,15.0,31.747
ZED-X_SN45626933_٢٠٢٦-٠٩-٢١_١٥-٠٥-٥٧_٢٠٢٦-٠٩-٢١_١٥-٢١-٤١.png,recording_08,780,13.0,29.751
ZED-X_SN45626933_٢٠٢٦-٠٩-٢١_١٥-٠٥-٥٧_٢٠٢٦-٠٩-٢١_١٥-٢١-٤٤.png,recording_08,720,12.0,28.731
ZED-X_SN45626933_٢٠٢٦-٠٩-٢١_١٥-٠٥-٥٧_٢٠٢٦-٠٩-٢١_١٥-٢١-٤٥.png,recording_08,120,2.0,32.251
ZED-X_SN45626933_٢٠٢٦-٠٩-٢١_١٥-٠٥-٥٧_٢٠٢٦-٠٩-٢١_١٥-٢١-٤٦.png,recording_08,360,6.0,33.203
ZED-X_SN45626933_٢٠٢٦-٠٩-٢١_١٥-٠٥-٥٧_٢٠٢٦-٠٩-٢١_١٥-٢١-٤٨.png,recording_08,540,9.0,41.973
ZED-X_SN45626933_٢٠٢٦-٠٩-٢١_١٥-٠٥-٥٧_٢٠٢٦-٠٩-٢١_١٥-٢١-٤٩.png,recording_08,480,8.0,60.11
ZED-X_SN45626933_٢٠٢٦-٠٩-٢١_١٥-٠٥-٥٧_٢٠٢٦-٠٩-٢١_١٥-٢١-٥٠.png,recording_08,600,10.0,60.316
ZED-X_SN45626933_٢٠٢٦-٠٩-٢١_١٥-٠٥-٥٧_٢٠٢٦-٠٩-٢١_١٥-٢١-٥١.png,recording_08,540,9.0,57.462
ZED-X_SN45626933_٢٠٢٦-٠٩-٢١_١٥-٠٥-٥٧_٢٠٢٦-٠٩-٢١_١٥-٢١-٥٣.png,recording_08,600,10.0,61.57
ZED-X_SN45626933_٢٠٢٦-٠٩-٢١_١٥-٠٥-٥٧_٢٠٢٦-٠٩-٢١_١٥-٢١-٥٥.png,recording_08,480,8.0,53.906
ZED-X_SN45626933_٢٠٢٦-٠٩-٢١_١٥-٠٥-٥٧_٢٠٢٦-٠٩-٢١_١٥-٢١-٥٧.png,recording_08,600,10.0,49.057
ZED-X_SN45626933_٢٠٢٦-٠٩-٢١_١٥-٠٥-٥٧_٢٠٢٦-٠٩-٢١_١٥-٢١-٥٨.png,recording_08,540,9.0,43.543
ZED-X_SN45626933_٢٠٢٦-٠٩-٢١_١٥-٠٥-٥٧_٢٠٢٦-٠٩-٢١_١٥-٢٢-٠٢.png,recording_08,360,6.0,42.922
ZED-X_SN45626933_٢٠٢٦-٠٩-٢١_١٥-٠٥-٥٧_٢٠٢٦-٠٩-٢١_١٥-٢٢-٠٤.png,recording_08,960,16.0,33.289
ZED-X_SN45626933_٢٠٢٦-٠٩-٢١_١٥-٠٥-٥٧_٢٠٢٦-٠٩-٢١_١٥-٢٢-٠٧.png,recording_08,960,16.0,34.072
ZED-X_SN45626933_٢٠٢٦-٠٩-٢١_١٥-٠٥-٥٧_٢٠٢٦-٠٩-٢١_١٥-٢٢-٠٩.png,recording_08,900,15.0,30.966
ZED-X_SN45626933_٢٠٢٦-٠٩-٢١_١٥-٠٥-٥٧_٢٠٢٦-٠٩-٢١_١٥-٢٢-١١.png,recording_08,1260,21.0,27.046
ZED-X_SN45626933_٢٠٢٦-٠٩-٢١_١٥-٠٥-٥٧_٢٠٢٦-٠٩-٢١_١٥-٢٢-١٤.png,recording_08,1020,17.0,37.285
ZED-X_SN45626933_٢٠٢٦-٠٩-٢١_١٥-٠٥-٥٧_٢٠٢٦-٠٩-٢١_١٥-٢٢-١٥.png,recording_08,1020,17.0,36.059
ZED-X_SN45626933_٢٠٢٦-٠٩-٢١_١٥-٠٥-٥٧_٢٠٢٦-٠٩-٢١_١٥-٢٢-١٩.png,recording_08,840,14.0,45.324
ZED-X_SN45626933_٢٠٢٦-٠٩-٢١_١٥-٠٥-٥٧_٢٠٢٦-٠٩-٢١_١٥-٢٢-٢٠.png,recording_08,180,3.0,41.852
ZED-X_SN45626933_٢٠٢٦-٠٩-٢١_١٥-٠٥-٥٧_٢٠٢٦-٠٩-٢١_١٥-٢٢-٢٢.png,recording_08,60,1.0,26.362
ZED-X_SN45626933_٢٠٢٦-٠٩-٢١_١٥-٠٥-٥٧_٢٠٢٦-٠٩-٢١_١٥-٢٢-٢٥.png,recording_08,120,2.0,34.382
ZED-X_SN45626933_٢٠٢٦-٠٩-٢١_١٥-٠٥-٥٧_٢٠٢٦-٠٩-٢١_١٥-٢٢-٢٧.png,recording_08,780,13.0,41.576
ZED-X_SN45626933_٢٠٢٦-٠٩-٢١_١٥-٠٥-٥٧_٢٠٢٦-٠٩-٢١_١٥-٢٢-٣٠.png,recording_08,180,3.0,43.767
ZED-X_SN45626933_٢٠٢٦-٠٩-٢١_١٥-٠٥-٥٧_٢٠٢٦-٠٩-٢١_١٥-٢٢-٣١.png,recording_08,180,3.0,50.753
ZED-X_SN45626933_٢٠٢٦-٠٩-٢١_١٥-٠٥-٥٧_٢٠٢٦-٠٩-٢١_١٥-٢٢-٣٥.png,recording_08,960,16.0,73.202
ZED-X_SN45626933_٢٠٢٦-٠٩-٢١_١٥-١٠-٣٥_٢٠٢٦-٠٩-٢١_١٥-٢٠-٥٤.png,recording_08,0,0.0,2.516
ZED-X_SN45626933_٢٠٢٦-٠٩-٢١_١٥-١٠-٣٥_٢٠٢٦-٠٩-٢١_١٥-٢٠-٥٧.png,recording_08,120,2.0,7.678
ZED-X_SN45626933_٢٠٢٦-٠٩-٢١_١٥-١٠-٣٥_٢٠٢٦-٠٩-٢١_١٥-٢٠-٥٩.png,recording_08,240,4.0,6.608
ZED-X_SN45626933_٢٠٢٦-٠٩-٢١_١٥-١٠-٣٥_٢٠٢٦-٠٩-٢١_١٥-٢١-٠١.png,recording_08,360,6.0,8.42
ZED-X_SN45626933_٢٠٢٦-٠٩-٢١_١٥-١٠-٣٥_٢٠٢٦-٠٩-٢١_١٥-٢١-٠٢.png,recording_08,420,7.0,5.951
ZED-X_SN45626933_٢٠٢٦-٠٩-٢١_١٥-١٠-٣٥_٢٠٢٦-٠٩-٢١_١٥-٢١-٠٦.png,recording_08,660,11.0,11.024
ZED-X_SN45626933_٢٠٢٦-٠٩-٢١_١٥-١٠-٣٥_٢٠٢٦-٠٩-٢١_١٥-٢١-٠٨.png,recording_08,780,13.0,8.507
ZED-X_SN45626933_٢٠٢٦-٠٩-٢١_١٥-١٠-٣٥_٢٠٢٦-٠٩-٢١_١٥-٢١-١٠.png,recording_08,840,14.0,18.499
ZED-X_SN45626933_٢٠٢٦-٠٩-٢١_١٥-١٠-٣٥_٢٠٢٦-٠٩-٢١_١٥-٢١-١٢.png,recording_08,960,16.0,6.4
ZED-X_SN45626933_٢٠٢٦-٠٩-٢١_١٥-١٠-٣٥_٢٠٢٦-٠٩-٢١_١٥-٢١-١٦.png,recording_08,1200,20.0,9.693
ZED-X_SN45626933_٢٠٢٦-٠٩-٢١_١٥-١٠-٣٥_٢٠٢٦-٠٩-٢١_١٥-٢١-١٩.png,recording_08,1380,23.0,19.344
