frame_index,svo_position,timestamp_ns,timestamp_sec
0,0,1789991679489980000,1789991679.48998
1,1,1789991679506647000,1789991679.506647
2,2,1789991679523313000,1789991679.523313
3,3,1789991679539980000,1789991679.53998
4,4,1789991679556647000,1789991679.556647
5,5,1789991679573313000,1789991679.573313
6,6,1789991679589980000,1789991679.58998
7,7,1789991679606647000,1789991679.606647
8,8,1789991679623313000,1789991679.623313
9,9,1789991679639980000,1789991679.63998
10,10,1789991679656647000,1789991679.656647
11,11,1789991679673313000,1789991679.673313
12,12,1789991679689980000,1789991679.68998
13,13,1789991679706647000,1789991679.706647
14,14,1789991679723313000,1789991679.723313
15,15,1789991679739980000,1789991679.73998
16,16,1789991679756647000,1789991679.756647
17,17,1789991679773313000,1789991679.773313
18,18,1789991679789980000,1789991679.78998
19,19,1789991679806647000,1789991679.806647
20,20,1789991679823313000,1789991679.823313
21,21,1789991679839980000,1789991679.83998
22,22,1789991679856647000,1789991679.856647
23,23,1789991679873313000,1789991679.873313
24,24,1789991679889980000,1789991679.88998
25,25,1789991679906647000,1789991679.906647
26,26,1789991679923313000,1789991679.923313
27,27,1789991679939980000,1789991679.93998
28,28,1789991679956647000,1789991679.956647
29,29,1789991679973313000,1789991679.973313
30,30,1789991679989980000,1789991679.98998
31,31,1789991680006647000,1789991680.006647
32,32,1789991680023313000,1789991680.023313
33,33,1789991680039980000,1789991680.03998
34,34,1789991680056647000,1789991680.056647
35,35,1789991680073313000,1789991680.073313
36,36,1789991680089980000,1789991680.08998
37,37,1789991680106647000,1789991680.106647
38,38,1789991680123313000,1789991680.123313
39,39,1789991680139980000,1789991680.13998
40,40,1789991680156647000,1789991680.156647
41,41,1789991680173313000,1789991680.173313
42,42,1789991680189980000,1789991680.18998
43,43,1789991680206647000,1789991680.206647
44,44,1789991680223313000,1789991680.223313
45,45,1789991680239980000,1789991680.23998
46,46,1789991680256647000,1789991680.256647
47,47,1789991680273313000,1789991680.273313
48,48,1789991680289980000,1789991680.28998
49,49,1789991680306647000,1789991680.306647
50,50,1789991680323313000,1789991680.323313
51,51,1789991680339980000,1789991680.33998
52,52,1789991680356647000,1789991680.356647
53,53,1789991680373313000,1789991680.373313
54,54,1789991680389980000,1789991680.38998
55,55,1789991680406647000,1789991680.406647
56,56,1789991680423313000,1789991680.423313
57,57,1789991680439980000,1789991680.43998
58,58,1789991680456647000,1789991680.456647
59,59,1789991680473313000,1789991680.473313
60,60,1789991680489980000,1789991680.48998
61,61,1789991680506647000,1789991680.506647
62,62,1789991680523313000,1789991680.523313
63,63,1789991680539980000,1789991680.53998
64,64,1789991680556647000,1789991680.556647
65,65,1789991680573313000,1789991680.573313
66,66,1789991680589980000,1789991680.58998
67,67,1789991680606647000,1789991680.606647
68,68,1789991680623313000,1789991680.623313
69,69,1789991680639980000,1789991680.63998
70,70,1789991680656647000,1789991680.656647
71,71,1789991680673313000,1789991680.673313
72,72,1789991680689980000,1789991680.68998
73,73,1789991680706647000,1789991680.706647
74,74,1789991680723313000,1789991680.723313
75,75,1789991680739980000,1789991680.73998
76,76,1789991680756647000,1789991680.756647
77,77,1789991680773313000,1789991680.773313
78,78,1789991680789980000,1789991680.78998
79,79,1789991680806647000,1789991680.806647
80,80,1789991680823313000,1789991680.823313
81,81,1789991680839980000,1789991680.83998
82,82,1789991680856647000,1789991680.856647
83,83,1789991680873313000,1789991680.873313
84,84,1789991680889980000,1789991680.88998
85,85,1789991680906647000,1789991680.906647
86,86,1789991680923313000,1789991680.923313
87,87,1789991680939980000,1789991680.93998
88,88,1789991680956647000,1789991680.956647
89,89,1789991680973313000,1789991680.973313
90,90,1789991680989980000,1789991680.98998
91,91,1789991681006647000,1789991681.006647
92,92,1789991681023313000,1789991681.023313
93,93,1789991681039980000,1789991681.03998
94,94,1789991681056647000,1789991681.056647
95,95,1789991681073313000,1789991681.073313
96,96,1789991681089980000,1789991681.08998
97,97,1789991681106647000,1789991681.106647
98,98,1789991681123313000,1789991681.123313
99,99,1789991681139980000,1789991681.13998
100,100,1789991681156647000,1789991681.156647
101,101,1789991681173313000,1789991681.173313
102,102,1789991681189980000,1789991681.18998
103,103,1789991681206647000,1789991681.206647
104,104,1789991681223313000,1789991681.223313
105,105,1789991681239980000,1789991681.23998
106,106,1789991681256647000,1789991681.256647
107,107,1789991681273313000,1789991681.273313
108,108,1789991681289980000,1789991681.28998
109,109,1789991681306647000,1789991681.306647
110,110,1789991681323313000,1789991681.323313
111,111,1789991681339980000,1789991681.33998
112,112,1789991681356647000,1789991681.356647
113,113,1789991681373313000,1789991681.373313
114,114,1789991681389980000,1789991681.38998
115,115,1789991681406647000,1789991681.406647
116,116,1789991681423313000,1789991681.423313
117,117,1789991681439980000,1789991681.43998
118,118,1789991681456647000,1789991681.456647
119,119,1789991681473313000,1789991681.473313
120,120,1789991681489980000,1789991681.48998
121,121,1789991681506647000,1789991681.506647
122,122,1789991681523313000,1789991681.523313
123,123,1789991681539980000,1789991681.53998
124,124,1789991681556647000,1789991681.556647
125,125,1789991681573313000,1789991681.573313
126,126,1789991681589980000,1789991681.58998
127,127,1789991681606647000,1789991681.606647
128,128,1789991681623313000,1789991681.623313
129,129,1789991681639980000,1789991681.63998
130,130,1789991681656647000,1789991681.656647
131,131,1789991681673313000,1789991681.673313
132,132,1789991681689980000,1789991681.68998
133,133,1789991681706647000,1789991681.706647
134,134,1789991681723313000,1789991681.723313
135,135,1789991681739980000,1789991681.73998
136,136,1789991681756647000,1789991681.756647
137,137,1789991681773313000,1789991681.773313
138,138,1789991681789980000,1789991681.78998
139,139,1789991681806647000,1789991681.806647
140,140,1789991681823313000,1789991681.823313
141,141,1789991681839980000,1789991681.83998
142,142,1789991681856647000,1789991681.856647
143,143,1789991681873313000,1789991681.873313
144,144,1789991681889980000,1789991681.88998
145,145,1789991681906647000,1789991681.906647
146,146,1789991681923313000,1789991681.923313
147,147,1789991681939980000,1789991681.93998
148,148,1789991681956647000,1789991681.956647
149,149,1789991681973313000,1789991681.973313
150,150,1789991681989980000,1789991681.98998
151,151,1789991682006647000,1789991682.006647
152,152,1789991682023313000,1789991682.023313
153,153,1789991682039980000,1789991682.03998
154,154,1789991682056647000,1789991682.056647
155,155,1789991682073313000,1789991682.073313
156,156,1789991682089980000,1789991682.08998
157,157,1789991682106647000,1789991682.106647
158,158,1789991682123313000,1789991682.123313
159,159,1789991682139980000,1789991682.13998
160,160,1789991682156647000,1789991682.156647
161,161,1789991682173313000,1789991682.173313
162,162,1789991682189980000,1789991682.18998
163,163,1789991682206647000,1789991682.206647
164,164,1789991682223313000,1789991682.223313
165,165,1789991682239980000,1789991682.23998
166,166,1789991682256647000,1789991682.256647
167,167,1789991682273313000,1789991682.273313
168,168,1789991682289980000,1789991682.28998
169,169,1789991682306647000,1789991682.306647
170,170,1789991682323313000,1789991682.323313
171,171,1789991682339980000,1789991682.33998
172,172,1789991682356647000,1789991682.356647
173,173,1789991682373313000,1789991682.373313
174,174,1789991682389980000,1789991682.38998
175,175,1789991682406647000,1789991682.406647
176,176,1789991682423313000,1789991682.423313
177,177,1789991682439980000,1789991682.43998
178,178,1789991682456647000,1789991682.456647
179,179,1789991682473313000,1789991682.473313
180,180,1789991682489980000,1789991682.48998
181,181,1789991682506647000,1789991682.506647
182,182,1789991682523313000,1789991682.523313
183,183,1789991682539980000,1789991682.53998
184,184,1789991682556647000,1789991682.556647
185,185,1789991682573313000,1789991682.573313
186,186,1789991682589980000,1789991682.58998
187,187,1789991682606647000,1789991682.606647
188,188,1789991682623313000,1789991682.623313
189,189,1789991682639980000,1789991682.63998
190,190,1789991682656647000,1789991682.656647
191,191,1789991682673313000,1789991682.673313
192,192,1789991682689980000,1789991682.68998
193,193,1789991682706647000,1789991682.706647
194,194,1789991682723313000,1789991682.723313
195,195,1789991682739980000,1789991682.73998
196,196,1789991682756647000,1789991682.756647
197,197,1789991682773313000,1789991682.773313
198,198,1789991682789980000,1789991682.78998
199,199,1789991682806647000,1789991682.806647
200,200,1789991682823313000,1789991682.823313
201,201,1789991682839980000,1789991682.83998
202,202,1789991682856647000,1789991682.856647
203,203,1789991682873313000,1789991682.873313
204,204,1789991682889980000,1789991682.88998
205,205,1789991682906647000,1789991682.906647
206,206,1789991682923313000,1789991682.923313
207,207,1789991682939980000,1789991682.93998
208,208,1789991682956647000,1789991682.956647
209,209,1789991682973313000,1789991682.973313
210,210,1789991682989980000,1789991682.98998
211,211,1789991683006647000,1789991683.006647
212,212,1789991683023313000,1789991683.023313
213,213,1789991683039980000,1789991683.03998
214,214,1789991683056647000,1789991683.056647
215,215,1789991683073313000,1789991683.073313
216,216,1789991683089980000,1789991683.08998
217,217,1789991683106647000,1789991683.106647
218,218,1789991683123313000,1789991683.123313
219,219,1789991683139980000,1789991683.13998
220,220,1789991683156647000,1789991683.156647
221,221,1789991683173313000,1789991683.173313
222,222,1789991683189980000,1789991683.18998
223,223,1789991683206647000,1789991683.206647
224,224,1789991683223313000,1789991683.223313
225,225,1789991683239980000,1789991683.23998
226,226,1789991683256647000,1789991683.256647
227,227,1789991683273313000,1789991683.273313
228,228,1789991683289980000,1789991683.28998
229,229,1789991683306647000,1789991683.306647
230,230,1789991683323313000,1789991683.323313
231,231,1789991683339980000,1789991683.33998
232,232,1789991683356647000,1789991683.356647
233,233,1789991683373313000,1789991683.373313
234,234,1789991683389980000,1789991683.38998
235,235,1789991683406647000,1789991683.406647
236,236,1789991683423313000,1789991683.423313
237,237,1789991683439980000,1789991683.43998
238,238,1789991683456647000,1789991683.456647
239,239,1789991683473313000,1789991683.473313
240,240,1789991683489980000,1789991683.48998
241,241,1789991683506647000,1789991683.506647
242,242,1789991683523313000,1789991683.523313
243,243,1789991683539980000,1789991683.53998
244,244,1789991683556647000,1789991683.556647
245,245,1789991683573313000,1789991683.573313
246,246,1789991683589980000,1789991683.58998
247,247,1789991683606647000,1789991683.606647
248,248,1789991683623313000,1789991683.623313
249,249,1789991683639980000,1789991683.63998
250,250,1789991683656647000,1789991683.656647
251,251,1789991683673313000,1789991683.673313
252,252,1789991683689980000,1789991683.68998
253,253,1789991683706647000,1789991683.706647
254,254,1789991683723313000,1789991683.723313
255,255,1789991683739980000,1789991683.73998
256,256,1789991683756647000,1789991683.756647
257,257,1789991683773313000,1789991683.773313
258,258,1789991683789980000,1789991683.78998
259,259,1789991683806647000,1789991683.806647
260,260,1789991683823313000,1789991683.823313
261,261,1789991683839980000,1789991683.83998
262,262,1789991683856647000,1789991683.856647
263,263,1789991683873313000,1789991683.873313
264,264,1789991683889980000,1789991683.88998
265,265,1789991683906647000,1789991683.906647
266,266,1789991683923313000,1789991683.923313
267,267,1789991683939980000,1789991683.93998
268,268,1789991683956647000,1789991683.956647
269,269,1789991683973313000,1789991683.973313
270,270,1789991683989980000,1789991683.98998
271,271,1789991684006647000,1789991684.006647
272,272,1789991684023313000,1789991684.023313
273,273,1789991684039980000,1789991684.03998
274,274,1789991684056647000,1789991684.056647
275,275,1789991684073313000,1789991684.073313
276,276,1789991684089980000,1789991684.08998
277,277,1789991684106647000,1789991684.106647
278,278,1789991684123313000,1789991684.123313
279,279,1789991684139980000,1789991684.13998
280,280,1789991684156647000,1789991684.156647
281,281,1789991684173313000,1789991684.173313
282,282,1789991684189980000,1789991684.18998
283,283,1789991684206647000,1789991684.206647
284,284,1789991684223313000,1789991684.223313
285,285,1789991684239980000,1789991684.23998
286,286,1789991684256647000,1789991684.256647
287,287,1789991684273313000,1789991684.273313
288,288,1789991684289980000,1789991684.28998
289,289,1789991684306647000,1789991684.306647
290,290,1789991684323313000,1789991684.323313
291,291,1789991684339980000,1789991684.33998
292,292,1789991684356647000,1789991684.356647
293,293,1789991684373313000,1789991684.373313
294,294,1789991684389980000,1789991684.38998
295,295,1789991684406647000,1789991684.406647
296,296,1789991684423313000,1789991684.423313
297,297,1789991684439980000,1789991684.43998
298,298,1789991684456647000,1789991684.456647
299,299,1789991684473313000,1789991684.473313
300,300,1789991684489980000,1789991684.48998
301,301,1789991684506647000,1789991684.506647
302,302,1789991684523313000,1789991684.523313
303,303,1789991684539980000,1789991684.53998
304,304,1789991684556647000,1789991684.556647
305,305,1789991684573313000,1789991684.573313
306,306,1789991684589980000,1789991684.58998
307,307,1789991684606647000,1789991684.606647
308,308,1789991684623313000,1789991684.623313
309,309,1789991684639980000,1789991684.63998
310,310,1789991684656647000,1789991684.656647
311,311,1789991684673313000,1789991684.673313
312,312,1789991684689980000,1789991684.68998
313,313,1789991684706647000,1789991684.706647
314,314,1789991684723313000,1789991684.723313
315,315,1789991684739980000,1789991684.73998
316,316,1789991684756647000,1789991684.756647
317,317,1789991684773313000,1789991684.773313
318,318,1789991684789980000,1789991684.78998
319,319,1789991684806647000,1789991684.806647
320,320,1789991684823313000,1789991684.823313
321,321,1789991684839980000,1789991684.83998
322,322,1789991684856647000,1789991684.856647
323,323,1789991684873313000,1789991684.873313
324,324,1789991684889980000,1789991684.88998
325,325,1789991684906647000,1789991684.906647
326,326,1789991684923313000,1789991684.923313
327,327,1789991684939980000,1789991684.93998
328,328,1789991684956647000,1789991684.956647
329,329,1789991684973313000,1789991684.973313
330,330,1789991684989980000,1789991684.98998
331,331,1789991685006647000,1789991685.006647
332,332,1789991685023313000,1789991685.023313
333,333,1789991685039980000,1789991685.03998
334,334,1789991685056647000,1789991685.056647
335,335,1789991685073313000,1789991685.073313
336,336,1789991685089980000,1789991685.08998
337,337,1789991685106647000,1789991685.106647
338,338,1789991685123313000,1789991685.123313
339,339,1789991685139980000,1789991685.13998
340,340,1789991685156647000,1789991685.156647
341,341,1789991685173313000,1789991685.173313
342,342,1789991685189980000,1789991685.18998
343,343,1789991685206647000,1789991685.206647
344,344,1789991685223313000,1789991685.223313
345,345,1789991685239980000,1789991685.23998
346,346,1789991685256647000,1789991685.256647
347,347,1789991685273313000,1789991685.273313
348,348,1789991685289980000,1789991685.28998
349,349,1789991685306647000,1789991685.306647
350,350,1789991685323313000,1789991685.323313
351,351,1789991685339980000,1789991685.33998
352,352,1789991685356647000,1789991685.356647
353,353,1789991685373313000,1789991685.373313
354,354,1789991685389980000,1789991685.38998
355,355,1789991685406647000,1789991685.406647
356,356,1789991685423313000,1789991685.423313
357,357,1789991685439980000,1789991685.43998
358,358,1789991685456647000,1789991685.456647
359,359,1789991685473313000,1789991685.473313
360,360,1789991685489980000,1789991685.48998
361,361,1789991685506647000,1789991685.506647
362,362,1789991685523313000,1789991685.523313
363,363,1789991685539980000,1789991685.53998
364,364,1789991685556647000,1789991685.556647
365,365,1789991685573313000,1789991685.573313
366,366,1789991685589980000,1789991685.58998
367,367,1789991685606647000,1789991685.606647
368,368,1789991685623313000,1789991685.623313
369,369,1789991685639980000,1789991685.63998
370,370,1789991685656647000,1789991685.656647
371,371,1789991685673313000,1789991685.673313
372,372,1789991685689980000,1789991685.68998
373,373,1789991685706647000,1789991685.706647
374,374,1789991685723313000,1789991685.723313
375,375,1789991685739980000,1789991685.73998
376,376,1789991685756647000,1789991685.756647
377,377,1789991685773313000,1789991685.773313
378,378,1789991685789980000,1789991685.78998
379,379,1789991685806647000,1789991685.806647
380,380,1789991685823313000,1789991685.823313
381,381,1789991685839980000,1789991685.83998
382,382,1789991685856647000,1789991685.856647
383,383,1789991685873313000,1789991685.873313
384,384,1789991685889980000,1789991685.88998
385,385,1789991685906647000,1789991685.906647
386,386,1789991685923313000,1789991685.923313
387,387,1789991685939980000,1789991685.93998
388,388,1789991685956647000,1789991685.956647
389,389,1789991685973313000,1789991685.973313
390,390,1789991685989980000,1789991685.98998
391,391,1789991686006647000,1789991686.006647
392,392,1789991686023313000,1789991686.023313
393,393,1789991686039980000,1789991686.03998
394,394,1789991686056647000,1789991686.056647
395,395,1789991686073313000,1789991686.073313
396,396,1789991686089980000,1789991686.08998
397,397,1789991686106647000,1789991686.106647
398,398,1789991686123313000,1789991686.123313
399,399,1789991686139980000,1789991686.13998
400,400,1789991686156647000,1789991686.156647
401,401,1789991686173313000,1789991686.173313
402,402,1789991686189980000,1789991686.18998
403,403,1789991686206647000,1789991686.206647
404,404,1789991686223313000,1789991686.223313
405,405,1789991686239980000,1789991686.23998
406,406,1789991686256647000,1789991686.256647
407,407,1789991686273313000,1789991686.273313
408,408,1789991686289980000,1789991686.28998
409,409,1789991686306647000,1789991686.306647
410,410,1789991686323313000,1789991686.323313
411,411,1789991686339980000,1789991686.33998
412,412,1789991686356647000,1789991686.356647
413,413,1789991686373313000,1789991686.373313
414,414,1789991686389980000,1789991686.38998
415,415,1789991686406647000,1789991686.406647
416,416,1789991686423313000,1789991686.423313
417,417,1789991686439980000,1789991686.43998
418,418,1789991686456647000,1789991686.456647
419,419,1789991686473313000,1789991686.473313
420,420,1789991686489980000,1789991686.48998
421,421,1789991686506647000,1789991686.506647
422,422,1789991686523313000,1789991686.523313
423,423,1789991686539980000,1789991686.53998
424,424,1789991686556647000,1789991686.556647
425,425,1789991686573313000,1789991686.573313
426,426,1789991686589980000,1789991686.58998
427,427,1789991686606647000,1789991686.606647
428,428,1789991686623313000,1789991686.623313
429,429,1789991686639980000,1789991686.63998
430,430,1789991686656647000,1789991686.656647
431,431,1789991686673313000,1789991686.673313
432,432,1789991686689980000,1789991686.68998
433,433,1789991686706647000,1789991686.706647
434,434,1789991686723313000,1789991686.723313
435,435,1789991686739980000,1789991686.73998
436,436,1789991686756647000,1789991686.756647
437,437,1789991686773313000,1789991686.773313
438,438,1789991686789980000,1789991686.78998
439,439,1789991686806647000,1789991686.806647
440,440,1789991686823313000,1789991686.823313
441,441,1789991686839980000,1789991686.83998
442,442,1789991686856647000,1789991686.856647
443,443,1789991686873313000,1789991686.873313
444,444,1789991686889980000,1789991686.88998
445,445,1789991686906647000,1789991686.906647
446,446,1789991686923313000,1789991686.923313
447,447,1789991686939980000,1789991686.93998
448,448,1789991686956647000,1789991686.956647
449,449,1789991686973313000,1789991686.973313
450,450,1789991686989980000,1789991686.98998
451,451,1789991687006647000,1789991687.006647
452,452,1789991687023313000,1789991687.023313
453,453,1789991687039980000,1789991687.03998
454,454,1789991687056647000,1789991687.056647
455,455,1789991687073313000,1789991687.073313
456,456,1789991687089980000,1789991687.08998
457,457,1789991687106647000,1789991687.106647
458,458,1789991687123313000,1789991687.123313
459,459,1789991687139980000,1789991687.13998
460,460,1789991687156647000,1789991687.156647
461,461,1789991687173313000,1789991687.173313
462,462,1789991687189980000,1789991687.18998
463,463,1789991687206647000,1789991687.206647
464,464,1789991687223313000,1789991687.223313
465,465,1789991687239980000,1789991687.23998
466,466,1789991687256647000,1789991687.256647
467,467,1789991687273313000,1789991687.273313
468,468,1789991687289980000,1789991687.28998
469,469,1789991687306647000,1789991687.306647
470,470,1789991687323313000,1789991687.323313
471,471,1789991687339980000,1789991687.33998
472,472,1789991687356647000,1789991687.356647
473,473,1789991687373313000,1789991687.373313
474,474,1789991687389980000,1789991687.38998
475,475,1789991687406647000,1789991687.406647
476,476,1789991687423313000,1789991687.423313
477,477,1789991687439980000,1789991687.43998
478,478,1789991687456647000,1789991687.456647
479,479,1789991687473313000,1789991687.473313
480,480,1789991687489980000,1789991687.48998
481,481,1789991687506647000,1789991687.506647
482,482,1789991687523313000,1789991687.523313
483,483,1789991687539980000,1789991687.53998
484,484,1789991687556647000,1789991687.556647
485,485,1789991687573313000,1789991687.573313
486,486,1789991687589980000,1789991687.58998
487,487,1789991687606647000,1789991687.606647
488,488,1789991687623313000,1789991687.623313
489,489,1789991687639980000,1789991687.63998
490,490,1789991687656647000,1789991687.656647
491,491,1789991687673313000,1789991687.673313
492,492,1789991687689980000,1789991687.68998
493,493,1789991687706647000,1789991687.706647
494,494,1789991687723313000,1789991687.723313
495,495,1789991687739980000,1789991687.73998
496,496,1789991687756647000,1789991687.756647
497,497,1789991687773313000,1789991687.773313
498,498,1789991687789980000,1789991687.78998
499,499,1789991687806647000,1789991687.806647
500,500,1789991687823313000,1789991687.823313
501,501,1789991687839980000,1789991687.83998
502,502,1789991687856647000,1789991687.856647
503,503,1789991687873313000,1789991687.873313
504,504,1789991687889980000,1789991687.88998
505,505,1789991687906647000,1789991687.906647
506,506,1789991687923313000,1789991687.923313
507,507,1789991687939980000,1789991687.93998
508,508,1789991687956647000,1789991687.956647
509,509,1789991687973313000,1789991687.973313
510,510,1789991687989980000,1789991687.98998
511,511,1789991688006647000,1789991688.006647
512,512,1789991688023313000,1789991688.023313
513,513,1789991688039980000,1789991688.03998
514,514,1789991688056647000,1789991688.056647
515,515,1789991688073313000,1789991688.073313
516,516,1789991688089980000,1789991688.08998
517,517,1789991688106647000,1789991688.106647
518,518,1789991688123313000,1789991688.123313
519,519,1789991688139980000,1789991688.13998
520,520,1789991688156647000,1789991688.156647
521,521,1789991688173313000,1789991688.173313
522,522,1789991688189980000,1789991688.18998
523,523,1789991688206647000,1789991688.206647
524,524,1789991688223313000,1789991688.223313
525,525,1789991688239980000,1789991688.23998
526,526,1789991688256647000,1789991688.256647
527,527,1789991688273313000,1789991688.273313
528,528,1789991688289980000,1789991688.28998
529,529,1789991688306647000,1789991688.306647
530,530,1789991688323313000,1789991688.323313
531,531,1789991688339980000,1789991688.33998
532,532,1789991688356647000,1789991688.356647
533,533,1789991688373313000,1789991688.373313
534,534,1789991688389980000,1789991688.38998
535,535,1789991688406647000,1789991688.406647
536,536,1789991688423313000,1789991688.423313
537,537,1789991688439980000,1789991688.43998
538,538,1789991688456647000,1789991688.456647
539,539,1789991688473313000,1789991688.473313
540,540,1789991688489980000,1789991688.48998
541,541,1789991688506647000,1789991688.506647
542,542,1789991688523313000,1789991688.523313
543,543,1789991688539980000,1789991688.53998
544,544,1789991688556647000,1789991688.556647
545,545,1789991688573313000,1789991688.573313
546,546,1789991688589980000,1789991688.58998
547,547,1789991688606647000,1789991688.606647
548,548,1789991688623313000,1789991688.623313
549,549,1789991688639980000,1789991688.63998
550,550,1789991688656647000,1789991688.656647
551,551,1789991688673313000,1789991688.673313
552,552,1789991688689980000,1789991688.68998
553,553,1789991688706647000,1789991688.706647
554,554,1789991688723313000,1789991688.723313
555,555,1789991688739980000,1789991688.73998
556,556,1789991688756647000,1789991688.756647
557,557,1789991688773313000,1789991688.773313
558,558,1789991688789980000,1789991688.78998
559,559,1789991688806647000,1789991688.806647
560,560,1789991688823313000,1789991688.823313
561,561,1789991688839980000,1789991688.83998
562,562,1789991688856647000,1789991688.856647
563,563,1789991688873313000,1789991688.873313
564,564,1789991688889980000,1789991688.88998
565,565,1789991688906647000,1789991688.906647
566,566,1789991688923313000,1789991688.923313
567,567,1789991688939980000,1789991688.93998
568,568,1789991688956647000,1789991688.956647
569,569,1789991688973313000,1789991688.973313
570,570,1789991688989980000,1789991688.98998
571,571,1789991689006647000,1789991689.006647
572,572,1789991689023313000,1789991689.023313
573,573,1789991689039980000,1789991689.03998
574,574,1789991689056647000,1789991689.056647
575,575,1789991689073313000,1789991689.073313
576,576,1789991689089980000,1789991689.08998
577,577,1789991689106647000,1789991689.106647
578,578,1789991689123313000,1789991689.123313
579,579,1789991689139980000,1789991689.13998
580,580,1789991689156647000,1789991689.156647
581,581,1789991689173313000,1789991689.173313
582,582,1789991689189980000,1789991689.18998
583,583,1789991689206647000,1789991689.206647
584,584,1789991689223313000,1789991689.223313
585,585,1789991689239980000,1789991689.23998
586,586,1789991689256647000,1789991689.256647
587,587,1789991689273313000,1789991689.273313
588,588,1789991689289980000,1789991689.28998
589,589,1789991689306647000,1789991689.306647
590,590,1789991689323313000,1789991689.323313
591,591,1789991689339980000,1789991689.33998
592,592,1789991689356647000,1789991689.356647
593,593,1789991689373313000,1789991689.373313
594,594,1789991689389980000,1789991689.38998
595,595,1789991689406647000,1789991689.406647
596,596,1789991689423313000,1789991689.423313
597,597,1789991689439980000,1789991689.43998
598,598,1789991689456647000,1789991689.456647
599,599,1789991689473313000,1789991689.473313
600,600,1789991689489980000,1789991689.48998
601,601,1789991689506647000,1789991689.506647
602,602,1789991689523313000,1789991689.523313
603,603,1789991689539980000,1789991689.53998
604,604,1789991689556647000,1789991689.556647
605,605,1789991689573313000,1789991689.573313
606,606,1789991689589980000,1789991689.58998
607,607,1789991689606647000,1789991689.606647
608,608,1789991689623313000,1789991689.623313
609,609,1789991689639980000,1789991689.63998
610,610,1789991689656647000,1789991689.656647
611,611,1789991689673313000,1789991689.673313
612,612,1789991689689980000,1789991689.68998
613,613,1789991689706647000,1789991689.706647
614,614,1789991689723313000,1789991689.723313
615,615,1789991689739980000,1789991689.73998
616,616,1789991689756647000,1789991689.756647
617,617,1789991689773313000,1789991689.773313
618,618,1789991689789980000,1789991689.78998
619,619,1789991689806647000,1789991689.806647
620,620,1789991689823313000,1789991689.823313
621,621,1789991689839980000,1789991689.83998
622,622,1789991689856647000,1789991689.856647
623,623,1789991689873313000,1789991689.873313
624,624,1789991689889980000,1789991689.88998
625,625,1789991689906647000,1789991689.906647
626,626,1789991689923313000,1789991689.923313
627,627,1789991689939980000,1789991689.93998
628,628,1789991689956647000,1789991689.956647
629,629,1789991689973313000,1789991689.973313
630,630,1789991689989980000,1789991689.98998
631,631,1789991690006647000,1789991690.006647
632,632,1789991690023313000,1789991690.023313
633,633,1789991690039980000,1789991690.03998
634,634,1789991690056647000,1789991690.056647
635,635,1789991690073313000,1789991690.073313
636,636,1789991690089980000,1789991690.08998
637,637,1789991690106647000,1789991690.106647
638,638,1789991690123313000,1789991690.123313
639,639,1789991690139980000,1789991690.13998
640,640,1789991690156647000,1789991690.156647
641,641,1789991690173313000,1789991690.173313
642,642,1789991690189980000,1789991690.18998
643,643,1789991690206647000,1789991690.206647
644,644,1789991690223313000,1789991690.223313
645,645,1789991690239980000,1789991690.23998
646,646,1789991690256647000,1789991690.256647
647,647,1789991690273313000,1789991690.273313
648,648,1789991690289980000,1789991690.28998
649,649,1789991690306647000,1789991690.306647
650,650,1789991690323313000,1789991690.323313
651,651,1789991690339980000,1789991690.33998
652,652,1789991690356647000,1789991690.356647
653,653,1789991690373313000,1789991690.373313
654,654,1789991690389980000,1789991690.38998
655,655,1789991690406647000,1789991690.406647
656,656,1789991690423313000,1789991690.423313
657,657,1789991690439980000,1789991690.43998
658,658,1789991690456647000,1789991690.456647
659,659,1789991690473313000,1789991690.473313
660,660,1789991690489980000,1789991690.48998
661,661,1789991690506647000,1789991690.506647
662,662,1789991690523313000,1789991690.523313
663,663,1789991690539980000,1789991690.53998
664,664,1789991690556647000,1789991690.556647
665,665,1789991690573313000,1789991690.573313
666,666,1789991690589980000,1789991690.58998
667,667,1789991690606647000,1789991690.606647
668,668,1789991690623313000,1789991690.623313
669,669,1789991690639980000,1789991690.63998
670,670,1789991690656647000,1789991690.656647
671,671,1789991690673313000,1789991690.673313
672,672,1789991690689980000,1789991690.68998
673,673,1789991690706647000,1789991690.706647
674,674,1789991690723313000,1789991690.723313
675,675,1789991690739980000,1789991690.73998
676,676,1789991690756647000,1789991690.756647
677,677,1789991690773313000,1789991690.773313
678,678,1789991690789980000,1789991690.78998
679,679,1789991690806647000,1789991690.806647
680,680,1789991690823313000,1789991690.823313
681,681,1789991690839980000,1789991690.83998
682,682,1789991690856647000,1789991690.856647
683,683,1789991690873313000,1789991690.873313
684,684,1789991690889980000,1789991690.88998
685,685,1789991690906647000,1789991690.906647
686,686,1789991690923313000,1789991690.923313
687,687,1789991690939980000,1789991690.93998
688,688,1789991690956647000,1789991690.956647
689,689,1789991690973313000,1789991690.973313
690,690,1789991690989980000,1789991690.98998
691,691,1789991691006647000,1789991691.006647
692,692,1789991691023313000,1789991691.023313
693,693,1789991691039980000,1789991691.03998
694,694,1789991691056647000,1789991691.056647
695,695,1789991691073313000,1789991691.073313
696,696,1789991691089980000,1789991691.08998
697,697,1789991691106647000,1789991691.106647
698,698,1789991691123313000,1789991691.123313
699,699,1789991691139980000,1789991691.13998
700,700,1789991691156647000,1789991691.156647
701,701,1789991691173313000,1789991691.173313
702,702,1789991691189980000,1789991691.18998
703,703,1789991691206647000,1789991691.206647
704,704,1789991691223313000,1789991691.223313
705,705,1789991691239980000,1789991691.23998
706,706,1789991691256647000,1789991691.256647
707,707,1789991691273313000,1789991691.273313
708,708,1789991691289980000,1789991691.28998
709,709,1789991691306647000,1789991691.306647
710,710,1789991691323313000,1789991691.323313
711,711,1789991691339980000,1789991691.33998
712,712,1789991691356647000,1789991691.356647
713,713,1789991691373313000,1789991691.373313
714,714,1789991691389980000,1789991691.38998
715,715,1789991691406647000,1789991691.406647
716,716,1789991691423313000,1789991691.423313
717,717,1789991691439980000,1789991691.43998
718,718,1789991691456647000,1789991691.456647
719,719,1789991691473313000,1789991691.473313
720,720,1789991691489980000,1789991691.48998
721,721,1789991691506647000,1789991691.506647
722,722,1789991691523313000,1789991691.523313
723,723,1789991691539980000,1789991691.53998
724,724,1789991691556647000,1789991691.556647
725,725,1789991691573313000,1789991691.573313
726,726,1789991691589980000,1789991691.58998
727,727,1789991691606647000,1789991691.606647
728,728,1789991691623313000,1789991691.623313
729,729,1789991691639980000,1789991691.63998
730,730,1789991691656647000,1789991691.656647
731,731,1789991691673313000,1789991691.673313
732,732,1789991691689980000,1789991691.68998
733,733,1789991691706647000,1789991691.706647
734,734,1789991691723313000,1789991691.723313
735,735,1789991691739980000,1789991691.73998
736,736,1789991691756647000,1789991691.756647
737,737,1789991691773313000,1789991691.773313
738,738,1789991691789980000,1789991691.78998
739,739,1789991691806647000,1789991691.806647
740,740,1789991691823313000,1789991691.823313
741,741,1789991691839980000,1789991691.83998
742,742,1789991691856647000,1789991691.856647
743,743,1789991691873313000,1789991691.873313
744,744,1789991691889980000,1789991691.88998
745,745,1789991691906647000,1789991691.906647
746,746,1789991691923313000,1789991691.923313
747,747,1789991691939980000,1789991691.93998
748,748,1789991691956647000,1789991691.956647
749,749,1789991691973313000,1789991691.973313
750,750,1789991691989980000,1789991691.98998
751,751,1789991692006647000,1789991692.006647
752,752,1789991692023313000,1789991692.023313
753,753,1789991692039980000,1789991692.03998
754,754,1789991692056647000,1789991692.056647
755,755,1789991692073313000,1789991692.073313
756,756,1789991692089980000,1789991692.08998
757,757,1789991692106647000,1789991692.106647
758,758,1789991692123313000,1789991692.123313
759,759,1789991692139980000,1789991692.13998
760,760,1789991692156647000,1789991692.156647
761,761,1789991692173313000,1789991692.173313
762,762,1789991692189980000,1789991692.18998
763,763,1789991692206647000,1789991692.206647
764,764,1789991692223313000,1789991692.223313
765,765,1789991692239980000,1789991692.23998
766,766,1789991692256647000,1789991692.256647
767,767,1789991692273313000,1789991692.273313
768,768,1789991692289980000,1789991692.28998
769,769,1789991692306647000,1789991692.306647
770,770,1789991692323313000,1789991692.323313
771,771,1789991692339980000,1789991692.33998
772,772,1789991692356647000,1789991692.356647
773,773,1789991692373313000,1789991692.373313
774,774,1789991692389980000,1789991692.38998
775,775,1789991692406647000,1789991692.406647
776,776,1789991692423313000,1789991692.423313
777,777,1789991692439980000,1789991692.43998
778,778,1789991692456647000,1789991692.456647
779,779,1789991692473313000,1789991692.473313
780,780,1789991692489980000,1789991692.48998
781,781,1789991692506647000,1789991692.506647
782,782,1789991692523313000,1789991692.523313
783,783,1789991692539980000,1789991692.53998
784,784,1789991692556647000,1789991692.556647
785,785,1789991692573313000,1789991692.573313
786,786,1789991692589980000,1789991692.58998
787,787,1789991692606647000,1789991692.606647
788,788,1789991692623313000,1789991692.623313
789,789,1789991692639980000,1789991692.63998
790,790,1789991692656647000,1789991692.656647
791,791,1789991692673313000,1789991692.673313
792,792,1789991692689980000,1789991692.68998
793,793,1789991692706647000,1789991692.706647
794,794,1789991692723313000,1789991692.723313
795,795,1789991692739980000,1789991692.73998
796,796,1789991692756647000,1789991692.756647
797,797,1789991692773313000,1789991692.773313
798,798,1789991692789980000,1789991692.78998
799,799,1789991692806647000,1789991692.806647
800,800,1789991692823313000,1789991692.823313
801,801,1789991692839980000,1789991692.83998
802,802,1789991692856647000,1789991692.856647
803,803,1789991692873313000,1789991692.873313
804,804,1789991692889980000,1789991692.88998
805,805,1789991692906647000,1789991692.906647
806,806,1789991692923313000,1789991692.923313
807,807,1789991692939980000,1789991692.93998
808,808,1789991692956647000,1789991692.956647
809,809,1789991692973313000,1789991692.973313
810,810,1789991692989980000,1789991692.98998
811,811,1789991693006647000,1789991693.006647
812,812,1789991693023313000,1789991693.023313
813,813,1789991693039980000,1789991693.03998
814,814,1789991693056647000,1789991693.056647
815,815,1789991693073313000,1789991693.073313
816,816,1789991693089980000,1789991693.08998
817,817,1789991693106647000,1789991693.106647
818,818,1789991693123313000,1789991693.123313
819,819,1789991693139980000,1789991693.13998
820,820,1789991693156647000,1789991693.156647
821,821,1789991693173313000,1789991693.173313
822,822,1789991693189980000,1789991693.18998
823,823,1789991693206647000,1789991693.206647
824,824,1789991693223313000,1789991693.223313
825,825,1789991693239980000,1789991693.23998
826,826,1789991693256647000,1789991693.256647
827,827,1789991693273313000,1789991693.273313
828,828,1789991693289980000,1789991693.28998
829,829,1789991693306647000,1789991693.306647
830,830,1789991693323313000,1789991693.323313
831,831,1789991693339980000,1789991693.33998
832,832,1789991693356647000,1789991693.356647
833,833,1789991693373313000,1789991693.373313
834,834,1789991693389980000,1789991693.38998
835,835,1789991693406647000,1789991693.406647
836,836,1789991693423313000,1789991693.423313
837,837,1789991693439980000,1789991693.43998
838,838,1789991693456647000,1789991693.456647
839,839,1789991693473313000,1789991693.473313
840,840,1789991693489980000,1789991693.48998
841,841,1789991693506647000,1789991693.506647
842,842,1789991693523313000,1789991693.523313
843,843,1789991693539980000,1789991693.53998
844,844,1789991693556647000,1789991693.556647
845,845,1789991693573313000,1789991693.573313
846,846,1789991693589980000,1789991693.58998
847,847,1789991693606647000,1789991693.606647
848,848,1789991693623313000,1789991693.623313
849,849,1789991693639980000,1789991693.63998
850,850,1789991693656647000,1789991693.656647
851,851,1789991693673313000,1789991693.673313
852,852,1789991693689980000,1789991693.68998
853,853,1789991693706647000,1789991693.706647
854,854,1789991693723313000,1789991693.723313
855,855,1789991693739980000,1789991693.73998
856,856,1789991693756647000,1789991693.756647
857,857,1789991693773313000,1789991693.773313
858,858,1789991693789980000,1789991693.78998
859,859,1789991693806647000,1789991693.806647
860,860,1789991693823313000,1789991693.823313
861,861,1789991693839980000,1789991693.83998
862,862,1789991693856647000,1789991693.856647
863,863,1789991693873313000,1789991693.873313
864,864,1789991693889980000,1789991693.88998
865,865,1789991693906647000,1789991693.906647
866,866,1789991693923313000,1789991693.923313
867,867,1789991693939980000,1789991693.93998
868,868,1789991693956647000,1789991693.956647
869,869,1789991693973313000,1789991693.973313
870,870,1789991693989980000,1789991693.98998
871,871,1789991694006647000,1789991694.006647
872,872,1789991694023313000,1789991694.023313
873,873,1789991694039980000,1789991694.03998
874,874,1789991694056647000,1789991694.056647
875,875,1789991694073313000,1789991694.073313
876,876,1789991694089980000,1789991694.08998
877,877,1789991694106647000,1789991694.106647
878,878,1789991694123313000,1789991694.123313
879,879,1789991694139980000,1789991694.13998
880,880,1789991694156647000,1789991694.156647
881,881,1789991694173313000,1789991694.173313
882,882,1789991694189980000,1789991694.18998
883,883,1789991694206647000,1789991694.206647
884,884,1789991694223313000,1789991694.223313
885,885,1789991694239980000,1789991694.23998
886,886,1789991694256647000,1789991694.256647
887,887,1789991694273313000,1789991694.273313
888,888,1789991694289980000,1789991694.28998
889,889,1789991694306647000,1789991694.306647
890,890,1789991694323313000,1789991694.323313
891,891,1789991694339980000,1789991694.33998
892,892,1789991694356647000,1789991694.356647
893,893,1789991694373313000,1789991694.373313
894,894,1789991694389980000,1789991694.38998
895,895,1789991694406647000,1789991694.406647
896,896,1789991694423313000,1789991694.423313
897,897,1789991694439980000,1789991694.43998
898,898,1789991694456647000,1789991694.456647
899,899,1789991694473313000,1789991694.473313
900,900,1789991694489980000,1789991694.48998
901,901,1789991694506647000,1789991694.506647
902,902,1789991694523313000,1789991694.523313
903,903,1789991694539980000,1789991694.53998
904,904,1789991694556647000,1789991694.556647
905,905,1789991694573313000,1789991694.573313
906,906,1789991694589980000,1789991694.58998
907,907,1789991694606647000,1789991694.606647
908,908,1789991694623313000,1789991694.623313
909,909,1789991694639980000,1789991694.63998
910,910,1789991694656647000,1789991694.656647
911,911,1789991694673313000,1789991694.673313
912,912,1789991694689980000,1789991694.68998
913,913,1789991694706647000,1789991694.706647
914,914,1789991694723313000,1789991694.723313
915,915,1789991694739980000,1789991694.73998
916,916,1789991694756647000,1789991694.756647
917,917,1789991694773313000,1789991694.773313
918,918,1789991694789980000,1789991694.78998
919,919,1789991694806647000,1789991694.806647
920,920,1789991694823313000,1789991694.823313
921,921,1789991694839980000,1789991694.83998
922,922,1789991694856647000,1789991694.856647
923,923,1789991694873313000,1789991694.873313
924,924,1789991694889980000,1789991694.88998
925,925,1789991694906647000,1789991694.906647
926,926,1789991694923313000,1789991694.923313
927,927,1789991694939980000,1789991694.93998
928,928,1789991694956647000,1789991694.956647
929,929,1789991694973313000,1789991694.973313
930,930,1789991694989980000,1789991694.98998
931,931,1789991695006647000,1789991695.006647
932,932,1789991695023313000,1789991695.023313
933,933,1789991695039980000,1789991695.03998
934,934,1789991695056647000,1789991695.056647
935,935,1789991695073313000,1789991695.073313
936,936,1789991695089980000,1789991695.08998
937,937,1789991695106647000,1789991695.106647
938,938,1789991695123313000,1789991695.123313
939,939,1789991695139980000,1789991695.13998
940,940,1789991695156647000,1789991695.156647
941,941,1789991695173313000,1789991695.173313
942,942,1789991695189980000,1789991695.18998
943,943,1789991695206647000,1789991695.206647
944,944,1789991695223313000,1789991695.223313
945,945,1789991695239980000,1789991695.23998
946,946,1789991695256647000,1789991695.256647
947,947,1789991695273313000,1789991695.273313
948,948,1789991695289980000,1789991695.28998
949,949,1789991695306647000,1789991695.306647
950,950,1789991695323313000,1789991695.323313
951,951,1789991695339980000,1789991695.33998
952,952,1789991695356647000,1789991695.356647
953,953,1789991695373313000,1789991695.373313
954,954,1789991695389980000,1789991695.38998
955,955,1789991695406647000,1789991695.406647
956,956,1789991695423313000,1789991695.423313
957,957,1789991695439980000,1789991695.43998
958,958,1789991695456647000,1789991695.456647
959,959,1789991695473313000,1789991695.473313
960,960,1789991695489980000,1789991695.48998
961,961,1789991695506647000,1789991695.506647
962,962,1789991695523313000,1789991695.523313
963,963,1789991695539980000,1789991695.53998
964,964,1789991695556647000,1789991695.556647
965,965,1789991695573313000,1789991695.573313
966,966,1789991695589980000,1789991695.58998
967,967,1789991695606647000,1789991695.606647
968,968,1789991695623313000,1789991695.623313
969,969,1789991695639980000,1789991695.63998
970,970,1789991695656647000,1789991695.656647
971,971,1789991695673313000,1789991695.673313
972,972,1789991695689980000,1789991695.68998
973,973,1789991695706647000,1789991695.706647
974,974,1789991695723313000,1789991695.723313
975,975,1789991695739980000,1789991695.73998
976,976,1789991695756647000,1789991695.756647
977,977,1789991695773313000,1789991695.773313
978,978,1789991695789980000,1789991695.78998
979,979,1789991695806647000,1789991695.806647
980,980,1789991695823313000,1789991695.823313
981,981,1789991695839980000,1789991695.83998
982,982,1789991695856647000,1789991695.856647
983,983,1789991695873313000,1789991695.873313
984,984,1789991695889980000,1789991695.88998
985,985,1789991695906647000,1789991695.906647
986,986,1789991695923313000,1789991695.923313
987,987,1789991695939980000,1789991695.93998
988,988,1789991695956647000,1789991695.956647
989,989,1789991695973313000,1789991695.973313
990,990,1789991695989980000,1789991695.98998
991,991,1789991696006647000,1789991696.006647
992,992,1789991696023313000,1789991696.023313
993,993,1789991696039980000,1789991696.03998
994,994,1789991696056647000,1789991696.056647
995,995,1789991696073313000,1789991696.073313
996,996,1789991696089980000,1789991696.08998
997,997,1789991696106647000,1789991696.106647
998,998,1789991696123313000,1789991696.123313
999,999,1789991696139980000,1789991696.13998
1000,1000,1789991696156647000,1789991696.156647
1001,1001,1789991696173313000,1789991696.173313
1002,1002,1789991696189980000,1789991696.18998
1003,1003,1789991696206647000,1789991696.206647
1004,1004,1789991696223313000,1789991696.223313
1005,1005,1789991696239980000,1789991696.23998
1006,1006,1789991696256647000,1789991696.256647
1007,1007,1789991696273313000,1789991696.273313
1008,1008,1789991696289980000,1789991696.28998
1009,1009,1789991696306647000,1789991696.306647
1010,1010,1789991696323313000,1789991696.323313
1011,1011,1789991696339980000,1789991696.33998
1012,1012,1789991696356647000,1789991696.356647
1013,1013,1789991696373313000,1789991696.373313
1014,1014,1789991696389980000,1789991696.38998
1015,1015,1789991696406647000,1789991696.406647
1016,1016,1789991696423313000,1789991696.423313
1017,1017,1789991696439980000,1789991696.43998
1018,1018,1789991696456647000,1789991696.456647
1019,1019,1789991696473313000,1789991696.473313
1020,1020,1789991696489980000,1789991696.48998
1021,1021,1789991696506647000,1789991696.506647
1022,1022,1789991696523313000,1789991696.523313
1023,1023,1789991696539980000,1789991696.53998
1024,1024,1789991696556647000,1789991696.556647
1025,1025,1789991696573313000,1789991696.573313
1026,1026,1789991696589980000,1789991696.58998
1027,1027,1789991696606647000,1789991696.606647
1028,1028,1789991696623313000,1789991696.623313
1029,1029,1789991696639980000,1789991696.63998
1030,1030,1789991696656647000,1789991696.656647
1031,1031,1789991696673313000,1789991696.673313
1032,1032,1789991696689980000,1789991696.68998
1033,1033,1789991696706647000,1789991696.706647
1034,1034,1789991696723313000,1789991696.723313
1035,1035,1789991696739980000,1789991696.73998
1036,1036,1789991696756647000,1789991696.756647
1037,1037,1789991696773313000,1789991696.773313
1038,1038,1789991696789980000,1789991696.78998
1039,1039,1789991696806647000,1789991696.806647
1040,1040,1789991696823313000,1789991696.823313
1041,1041,1789991696839980000,1789991696.83998
1042,1042,1789991696856647000,1789991696.856647
1043,1043,1789991696873313000,1789991696.873313
1044,1044,1789991696889980000,1789991696.88998
1045,1045,1789991696906647000,1789991696.906647
1046,1046,1789991696923313000,1789991696.923313
1047,1047,1789991696939980000,1789991696.93998
1048,1048,1789991696956647000,1789991696.956647
1049,1049,1789991696973313000,1789991696.973313
1050,1050,1789991696989980000,1789991696.98998
1051,1051,1789991697006647000,1789991697.006647
1052,1052,1789991697023313000,1789991697.023313
1053,1053,1789991697039980000,1789991697.03998
1054,1054,1789991697056647000,1789991697.056647
1055,1055,1789991697073313000,1789991697.073313
1056,1056,1789991697089980000,1789991697.08998
1057,1057,1789991697106647000,1789991697.106647
1058,1058,1789991697123313000,1789991697.123313
1059,1059,1789991697139980000,1789991697.13998
1060,1060,1789991697156647000,1789991697.156647
1061,1061,1789991697173313000,1789991697.173313
1062,1062,1789991697189980000,1789991697.18998
1063,1063,1789991697206647000,1789991697.206647
1064,1064,1789991697223313000,1789991697.223313
1065,1065,1789991697239980000,1789991697.23998
1066,1066,1789991697256647000,1789991697.256647
1067,1067,1789991697273313000,1789991697.273313
1068,1068,1789991697289980000,1789991697.28998
1069,1069,1789991697306647000,1789991697.306647
1070,1070,1789991697323313000,1789991697.323313
1071,1071,1789991697339980000,1789991697.33998
1072,1072,1789991697356647000,1789991697.356647
1073,1073,1789991697373313000,1789991697.373313
1074,1074,1789991697389980000,1789991697.38998
1075,1075,1789991697406647000,1789991697.406647
1076,1076,1789991697423313000,1789991697.423313
1077,1077,1789991697439980000,1789991697.43998
1078,1078,1789991697456647000,1789991697.456647
1079,1079,1789991697473313000,1789991697.473313
1080,1080,1789991697489980000,1789991697.48998
1081,1081,1789991697506647000,1789991697.506647
1082,1082,1789991697523313000,1789991697.523313
1083,1083,1789991697539980000,1789991697.53998
1084,1084,1789991697556647000,1789991697.556647
